Order ID,Customer ID,Order Date,Product,Category,Quantity,Unit Price,Region,City,Payment Method,Revenue,Month,Year
ORD100001,C1033,2025-03-15,Smartphone,Electronics,3.0,28884.21,North,Unknown,Cash on Delivery,86652.63,2025-03,2025
ORD100002,C1130,2025-07-02,Coffee Maker,Home Appliances,1.0,6448.4,West,Surat,Cash on Delivery,6448.4,2025-07,2025
ORD100003,C1195,2025-02-03,Coffee Maker,Home Appliances,1.0,6216.33,East,Patna,UPI,6216.33,2025-02,2025
ORD100004,C1340,2025-01-25,Mixer Grinder,Home Appliances,2.0,5078.97,West,Surat,Net Banking,10157.94,2025-01,2025
ORD100005,C1055,2025-07-19,T-Shirt,Fashion,1.0,1112.41,South,Vijayawada,Debit Card,1112.41,2025-07,2025
ORD100006,C1165,2025-01-28,Air Fryer,Home Appliances,1.0,7638.33,East,Patna,UPI,7638.33,2025-01,2025
ORD100007,C1154,2025-12-10,Office Chair,Furniture,1.0,8730.95,North,Delhi,Net Banking,8730.95,2025-12,2025
ORD100008,C1136,2025-11-04,Running Shoes,Fashion,3.0,4719.43,South,Hyderabad,UPI,14158.29,2025-11,2025
ORD100009,C1276,2025-10-18,Smartwatch,Electronics,1.0,6448.25,South,Hyderabad,Debit Card,6448.25,2025-10,2025
ORD100010,C1049,2025-01-14,Desk,Furniture,1.0,12131.98,West,Ahmedabad,UPI,12131.98,2025-01,2025
ORD100011,C1223,2025-07-29,Office Chair,Furniture,2.0,8860.4,North,Lucknow,Credit Card,17720.8,2025-07,2025
ORD100012,C1076,2025-12-25,Smartphone,Electronics,1.0,27716.49,South,Hyderabad,Credit Card,27716.49,2025-12,2025
ORD100013,C1103,2025-12-01,Bookshelf,Furniture,1.0,6272.64,South,Vijayawada,Debit Card,6272.64,2025-12,2025
ORD100014,C1285,2025-06-02,Smartphone,Electronics,2.0,27580.61,West,Ahmedabad,UPI,55161.22,2025-06,2025
ORD100015,C1057,2025-09-19,Mouse,Accessories,2.0,894.51,South,Bengaluru,Credit Card,1789.02,2025-09,2025
ORD100016,C1106,2025-03-29,Bookshelf,Furniture,1.0,6376.26,West,Mumbai,Debit Card,6376.26,2025-03,2025
ORD100017,C1319,2025-05-14,Running Shoes,Fashion,1.0,4832.57,South,Chennai,Debit Card,4832.57,2025-05,2025
ORD100018,C1158,2025-10-15,Office Chair,Furniture,2.0,8794.97,East,Bhubaneswar,UPI,17589.94,2025-10,2025
ORD100019,C1108,2025-09-21,Smartphone,Electronics,1.0,26666.59,East,Kolkata,Credit Card,26666.59,2025-09,2025
ORD100020,C1152,2025-08-31,Backpack,Fashion,2.0,2277.25,East,Kolkata,Debit Card,4554.5,2025-08,2025
ORD100021,C1015,2025-10-15,Headphones,Electronics,1.0,3452.85,West,Ahmedabad,Credit Card,3452.85,2025-10,2025
ORD100022,C1060,2025-10-17,Headphones,Electronics,1.0,3549.08,South,Chennai,Cash on Delivery,3549.08,2025-10,2025
ORD100023,C1336,2025-02-25,Bookshelf,Furniture,2.0,6003.72,North,Lucknow,Credit Card,12007.44,2025-02,2025
ORD100024,C1329,2025-06-11,Desk,Furniture,1.0,11982.16,South,Vijayawada,Credit Card,11982.16,2025-06,2025
ORD100025,C1154,2025-11-07,Backpack,Fashion,1.0,2207.28,South,Chennai,UPI,2207.28,2025-11,2025
ORD100026,C1039,2025-04-26,Mouse,Accessories,1.0,907.78,East,Ranchi,Debit Card,907.78,2025-04,2025
ORD100027,C1038,2025-04-28,Smartphone,Electronics,2.0,29203.54,West,Pune,Net Banking,58407.08,2025-04,2025
ORD100028,C1291,2025-04-24,Bookshelf,Furniture,2.0,6365.76,South,Bengaluru,Net Banking,12731.52,2025-04,2025
ORD100029,C1090,2025-11-27,Bookshelf,Furniture,1.0,6515.66,East,Bhubaneswar,Cash on Delivery,6515.66,2025-11,2025
ORD100030,C1313,2025-02-25,Headphones,Electronics,1.0,3775.73,South,Bengaluru,Debit Card,3775.73,2025-02,2025
ORD100031,C1271,2025-01-09,Mixer Grinder,Home Appliances,2.0,5046.85,East,Ranchi,Debit Card,10093.7,2025-01,2025
ORD100032,C1328,2025-01-02,Office Chair,Furniture,2.0,8176.95,South,Chennai,UPI,16353.9,2025-01,2025
ORD100033,C1210,2025-05-15,Laptop,Electronics,1.0,52177.56,East,Kolkata,Net Banking,52177.56,2025-05,2025
ORD100034,C1176,2025-07-02,Laptop,Electronics,2.0,59152.07,South,Bengaluru,UPI,118304.14,2025-07,2025
ORD100035,C1043,2025-12-20,Bookshelf,Furniture,1.0,6684.77,South,Bengaluru,Credit Card,6684.77,2025-12,2025
ORD100036,C1251,2025-01-10,Air Fryer,Home Appliances,1.0,8179.55,West,Ahmedabad,Debit Card,8179.55,2025-01,2025
ORD100037,C1106,2025-12-22,Mixer Grinder,Home Appliances,4.0,5114.79,South,Bengaluru,Credit Card,20459.16,2025-12,2025
ORD100038,C1009,2025-07-02,Desk,Furniture,1.0,12815.63,East,Patna,Credit Card,12815.63,2025-07,2025
ORD100039,C1339,2025-01-03,Headphones,Electronics,1.0,3454.7,South,Hyderabad,Credit Card,3454.7,2025-01,2025
ORD100040,Unknown,2025-11-06,Headphones,Electronics,1.0,3659.47,East,Ranchi,UPI,3659.47,2025-11,2025
ORD100041,C1213,2025-10-07,Keyboard,Accessories,1.0,1808.86,West,Surat,Net Banking,1808.86,2025-10,2025
ORD100042,C1229,2025-02-11,Coffee Maker,Home Appliances,1.0,6422.92,North,Lucknow,Net Banking,6422.92,2025-02,2025
ORD100043,C1286,2025-11-03,Keyboard,Accessories,1.0,1870.85,South,Chennai,UPI,1870.85,2025-11,2025
ORD100044,C1109,2025-04-27,Air Fryer,Home Appliances,1.0,8205.18,West,Mumbai,UPI,8205.18,2025-04,2025
ORD100045,C1041,2025-06-16,Air Fryer,Home Appliances,1.0,7367.71,South,Vijayawada,UPI,7367.71,2025-06,2025
ORD100046,C1239,2025-07-08,T-Shirt,Fashion,1.0,1217.5,South,Bengaluru,Credit Card,1217.5,2025-07,2025
ORD100047,C1016,2025-07-15,Mixer Grinder,Home Appliances,3.0,5492.14,North,Jaipur,UPI,16476.420000000002,2025-07,2025
ORD100048,C1018,2025-04-14,Air Fryer,Home Appliances,2.0,7695.5,South,Bengaluru,UPI,15391.0,2025-04,2025
ORD100049,C1324,2025-05-28,Air Fryer,Home Appliances,3.0,7240.85,South,Hyderabad,UPI,21722.550000000003,2025-05,2025
ORD100050,C1273,2025-07-31,Mixer Grinder,Home Appliances,5.0,5451.29,East,Ranchi,Debit Card,27256.45,2025-07,2025
ORD100051,C1301,2025-12-19,Running Shoes,Fashion,2.0,4510.24,South,Vijayawada,Credit Card,9020.48,2025-12,2025
ORD100052,C1168,2025-06-08,Coffee Maker,Home Appliances,1.0,6125.36,West,Pune,Credit Card,6125.36,2025-06,2025
ORD100053,C1133,2025-06-08,Running Shoes,Fashion,1.0,4375.8,North,Delhi,Debit Card,4375.8,2025-06,2025
ORD100054,C1115,2025-10-09,Smartwatch,Electronics,4.0,6978.62,East,Bhubaneswar,Credit Card,27914.48,2025-10,2025
ORD100055,C1222,2025-10-07,Bookshelf,Furniture,3.0,6534.03,West,Surat,UPI,19602.09,2025-10,2025
ORD100056,C1047,2025-12-02,Headphones,Electronics,2.0,3702.0,South,Hyderabad,Credit Card,7404.0,2025-12,2025
ORD100057,C1049,2025-09-22,Running Shoes,Fashion,1.0,4813.88,West,Mumbai,Cash on Delivery,4813.88,2025-09,2025
ORD100058,C1332,2025-12-06,Headphones,Electronics,3.0,3665.26,West,Surat,UPI,10995.78,2025-12,2025
ORD100059,C1198,2025-02-17,T-Shirt,Fashion,2.0,1136.89,South,Hyderabad,Credit Card,2273.78,2025-02,2025
ORD100060,C1173,2025-07-08,Desk,Furniture,2.0,12574.55,North,Jaipur,Credit Card,25149.1,2025-07,2025
ORD100061,C1231,2025-06-28,Headphones,Electronics,1.0,3269.12,South,Vijayawada,Credit Card,3269.12,2025-06,2025
ORD100062,C1267,2025-10-26,Air Fryer,Home Appliances,1.0,8297.16,West,Surat,UPI,8297.16,2025-10,2025
ORD100063,C1328,2025-02-01,Coffee Maker,Home Appliances,1.0,6133.69,South,Chennai,Credit Card,6133.69,2025-02,2025
ORD100064,C1274,2025-05-12,Coffee Maker,Home Appliances,2.0,6953.59,West,Pune,Credit Card,13907.18,2025-05,2025
ORD100065,C1042,2025-06-04,Headphones,Electronics,2.0,3752.67,East,Bhubaneswar,Net Banking,7505.34,2025-06,2025
ORD100066,C1005,2025-07-18,Air Fryer,Home Appliances,2.0,8032.25,South,Hyderabad,Credit Card,16064.5,2025-07,2025
ORD100067,C1106,2025-01-05,T-Shirt,Fashion,1.0,1188.92,South,Vijayawada,Net Banking,1188.92,2025-01,2025
ORD100068,C1100,2025-09-07,Coffee Maker,Home Appliances,5.0,6894.37,South,Vijayawada,Net Banking,34471.85,2025-09,2025
ORD100069,C1032,2025-08-16,Laptop,Electronics,2.0,56321.1,East,Kolkata,Net Banking,112642.2,2025-08,2025
ORD100070,C1070,2025-10-23,Mixer Grinder,Home Appliances,1.0,5430.27,South,Bengaluru,Net Banking,5430.27,2025-10,2025
ORD100071,C1213,2025-10-27,Keyboard,Accessories,1.0,1670.88,South,Hyderabad,Net Banking,1670.88,2025-10,2025
ORD100072,C1325,2025-12-20,Bookshelf,Furniture,1.0,6813.0,East,Kolkata,Debit Card,6813.0,2025-12,2025
ORD100073,C1044,2025-02-11,Mixer Grinder,Home Appliances,1.0,4951.88,East,Patna,Credit Card,4951.88,2025-02,2025
ORD100074,C1258,2025-10-24,Backpack,Fashion,3.0,2078.63,West,Ahmedabad,UPI,6235.89,2025-10,2025
ORD100075,C1020,2025-07-05,Laptop,Electronics,5.0,55981.58,West,Pune,Credit Card,279907.9,2025-07,2025
ORD100076,C1033,2025-05-16,Laptop,Electronics,2.0,52123.53,East,Kolkata,UPI,104247.06,2025-05,2025
ORD100077,C1201,2025-11-15,Mouse,Accessories,3.0,919.64,North,Chandigarh,UPI,2758.92,2025-11,2025
ORD100078,C1228,2025-04-04,Smartwatch,Electronics,2.0,7223.75,South,Vijayawada,Cash on Delivery,14447.5,2025-04,2025
ORD100079,C1042,2025-02-17,Headphones,Electronics,1.0,3485.53,North,Delhi,UPI,3485.53,2025-02,2025
ORD100080,C1223,2025-05-27,Bookshelf,Furniture,1.0,6615.43,South,Chennai,Credit Card,6615.43,2025-05,2025
ORD100081,C1013,2025-12-02,Headphones,Electronics,2.0,3397.54,South,Chennai,Credit Card,6795.08,2025-12,2025
ORD100082,C1246,2025-08-04,Desk,Furniture,2.0,12126.28,South,Chennai,Debit Card,24252.56,2025-08,2025
ORD100083,C1151,2025-03-13,Backpack,Fashion,3.0,2217.3,South,Hyderabad,Debit Card,6651.900000000001,2025-03,2025
ORD100084,C1323,2025-02-16,Desk,Furniture,2.0,12741.89,North,Jaipur,Credit Card,25483.78,2025-02,2025
ORD100085,C1173,2025-05-21,Coffee Maker,Home Appliances,1.0,6850.88,West,Ahmedabad,UPI,6850.88,2025-05,2025
ORD100086,C1117,2025-07-26,Laptop,Electronics,1.0,53069.38,East,Kolkata,UPI,53069.38,2025-07,2025
ORD100087,C1300,2025-09-15,T-Shirt,Fashion,1.0,1262.82,West,Pune,UPI,1262.82,2025-09,2025
ORD100088,C1336,2025-07-03,T-Shirt,Fashion,1.0,1174.06,West,Mumbai,Cash on Delivery,1174.06,2025-07,2025
ORD100089,C1136,2025-10-02,Office Chair,Furniture,2.0,8779.35,South,Vijayawada,Debit Card,17558.7,2025-10,2025
ORD100090,C1059,2025-09-17,Mouse,Accessories,2.0,851.58,South,Bengaluru,Net Banking,1703.16,2025-09,2025
ORD100091,C1050,2025-08-26,Air Fryer,Home Appliances,3.0,8411.92,North,Chandigarh,Credit Card,25235.760000000002,2025-08,2025
ORD100092,C1165,2025-06-25,Mixer Grinder,Home Appliances,2.0,5144.9,South,Chennai,UPI,10289.8,2025-06,2025
ORD100093,C1103,2025-03-12,Keyboard,Accessories,1.0,1723.06,East,Kolkata,Credit Card,1723.06,2025-03,2025
ORD100094,C1296,2025-11-03,Bookshelf,Furniture,1.0,6233.41,North,Lucknow,Debit Card,6233.41,2025-11,2025
ORD100095,C1129,2025-09-22,Backpack,Fashion,2.0,2044.45,West,Ahmedabad,Credit Card,4088.9,2025-09,2025
ORD100096,C1299,2025-09-09,Air Fryer,Home Appliances,1.0,8135.25,East,Bhubaneswar,Credit Card,8135.25,2025-09,2025
ORD100097,C1175,2025-08-01,Office Chair,Furniture,3.0,8283.2,West,Surat,Credit Card,24849.600000000002,2025-08,2025
ORD100098,C1063,2025-05-23,Desk,Furniture,4.0,12251.2,North,Delhi,UPI,49004.8,2025-05,2025
ORD100099,C1108,2025-06-03,Keyboard,Accessories,4.0,1785.08,South,Bengaluru,Credit Card,7140.32,2025-06,2025
ORD100100,C1344,2025-09-18,Backpack,Fashion,2.0,2247.09,South,Bengaluru,Debit Card,4494.18,2025-09,2025
ORD100101,C1338,2025-04-14,Air Fryer,Home Appliances,3.0,8075.43,West,Pune,Debit Card,24226.29,2025-04,2025
ORD100102,C1194,2025-08-26,Office Chair,Furniture,2.0,8418.52,South,Vijayawada,Debit Card,16837.04,2025-08,2025
ORD100103,C1263,2025-12-21,Office Chair,Furniture,1.0,8817.9,East,Ranchi,UPI,8817.9,2025-12,2025
ORD100104,C1345,2025-11-16,Laptop,Electronics,2.0,54909.36,South,Bengaluru,Credit Card,109818.72,2025-11,2025
ORD100105,C1195,2025-03-23,Keyboard,Accessories,3.0,1680.43,North,Chandigarh,Net Banking,5041.29,2025-03,2025
ORD100106,C1018,2025-12-14,Smartwatch,Electronics,1.0,6857.43,East,Ranchi,UPI,6857.43,2025-12,2025
ORD100107,C1259,2025-09-28,Air Fryer,Home Appliances,2.0,8256.09,West,Ahmedabad,Net Banking,16512.18,2025-09,2025
ORD100108,C1002,2025-06-11,Mouse,Accessories,2.0,951.57,South,Bengaluru,Credit Card,1903.14,2025-06,2025
ORD100109,C1236,2025-08-11,Smartwatch,Electronics,1.0,7443.11,South,Hyderabad,UPI,7443.11,2025-08,2025
ORD100110,C1207,2025-09-17,Office Chair,Furniture,3.0,8226.56,North,Chandigarh,Credit Card,24679.68,2025-09,2025
ORD100111,C1120,2025-09-04,Smartphone,Electronics,1.0,26139.96,East,Bhubaneswar,Debit Card,26139.96,2025-09,2025
ORD100112,C1048,2025-07-14,Office Chair,Furniture,1.0,8374.8,East,Ranchi,Credit Card,8374.8,2025-07,2025
ORD100113,C1321,2025-06-30,Headphones,Electronics,2.0,3439.73,West,Surat,Credit Card,6879.46,2025-06,2025
ORD100114,C1007,2025-07-22,Mouse,Accessories,1.0,857.08,North,Delhi,Credit Card,857.08,2025-07,2025
ORD100115,C1264,2025-12-18,Bookshelf,Furniture,1.0,6977.58,North,Lucknow,Credit Card,6977.58,2025-12,2025
ORD100116,C1319,2025-11-22,Bookshelf,Furniture,1.0,6318.36,East,Bhubaneswar,Credit Card,6318.36,2025-11,2025
ORD100117,C1085,2025-11-08,Bookshelf,Furniture,2.0,6291.36,West,Ahmedabad,UPI,12582.72,2025-11,2025
ORD100118,C1278,2025-04-02,Headphones,Electronics,1.0,3534.43,East,Kolkata,Debit Card,3534.43,2025-04,2025
ORD100119,C1286,2025-04-04,Running Shoes,Fashion,5.0,4625.71,North,Jaipur,Net Banking,23128.55,2025-04,2025
ORD100120,C1229,2025-06-05,Keyboard,Accessories,2.0,1685.35,South,Vijayawada,Cash on Delivery,3370.7,2025-06,2025
ORD100121,C1037,2025-09-27,Coffee Maker,Home Appliances,1.0,6978.17,North,Lucknow,UPI,6978.17,2025-09,2025
ORD100122,C1110,2025-10-16,Laptop,Electronics,1.0,55141.57,South,Bengaluru,UPI,55141.57,2025-10,2025
ORD100123,C1073,2025-06-13,Mixer Grinder,Home Appliances,1.0,5364.89,North,Delhi,UPI,5364.89,2025-06,2025
ORD100124,C1302,2025-06-01,Desk,Furniture,1.0,11255.18,North,Jaipur,UPI,11255.18,2025-06,2025
ORD100125,C1274,2025-07-21,Smartphone,Electronics,1.0,27692.35,North,Lucknow,Net Banking,27692.35,2025-07,2025
ORD100126,C1240,2025-11-12,Desk,Furniture,1.0,11961.34,South,Chennai,UPI,11961.34,2025-11,2025
ORD100127,C1250,2025-11-12,Coffee Maker,Home Appliances,1.0,6459.2,East,Bhubaneswar,UPI,6459.2,2025-11,2025
ORD100128,C1066,2025-12-07,Running Shoes,Fashion,4.0,4146.67,South,Bengaluru,UPI,16586.68,2025-12,2025
ORD100129,C1207,2025-03-26,Headphones,Electronics,1.0,3538.76,West,Mumbai,Net Banking,3538.76,2025-03,2025
ORD100130,C1271,2025-11-24,Desk,Furniture,2.0,11352.47,East,Kolkata,Net Banking,22704.94,2025-11,2025
ORD100131,C1345,2025-11-28,Keyboard,Accessories,1.0,1829.79,East,Bhubaneswar,UPI,1829.79,2025-11,2025
ORD100132,C1076,2025-04-19,Coffee Maker,Home Appliances,3.0,6604.76,South,Vijayawada,Credit Card,19814.28,2025-04,2025
ORD100133,C1007,2025-05-20,Running Shoes,Fashion,1.0,4389.46,South,Chennai,UPI,4389.46,2025-05,2025
ORD100134,C1312,2025-02-15,Running Shoes,Fashion,2.0,4368.35,West,Ahmedabad,Credit Card,8736.7,2025-02,2025
ORD100135,Unknown,2025-10-17,Smartwatch,Electronics,2.0,6633.7,South,Bengaluru,Cash on Delivery,13267.4,2025-10,2025
ORD100136,C1045,2025-05-22,Smartwatch,Electronics,5.0,7094.8,South,Bengaluru,Net Banking,35474.0,2025-05,2025
ORD100137,C1018,2025-09-21,Smartphone,Electronics,2.0,26983.88,North,Chandigarh,Credit Card,53967.76,2025-09,2025
ORD100138,C1209,2025-01-19,Smartphone,Electronics,3.0,25841.36,West,Pune,UPI,77524.08,2025-01,2025
ORD100139,C1139,2025-07-11,Mixer Grinder,Home Appliances,2.0,5244.55,South,Vijayawada,Debit Card,10489.1,2025-07,2025
ORD100140,C1147,2025-02-24,Desk,Furniture,2.0,12928.16,West,Ahmedabad,Credit Card,25856.32,2025-02,2025
ORD100141,C1033,2025-12-09,Bookshelf,Furniture,2.0,6404.28,West,Mumbai,Net Banking,12808.56,2025-12,2025
ORD100142,C1063,2025-04-07,Running Shoes,Fashion,1.0,4832.32,West,Pune,UPI,4832.32,2025-04,2025
ORD100143,C1257,2025-11-18,Air Fryer,Home Appliances,1.0,7762.31,East,Ranchi,Net Banking,7762.31,2025-11,2025
ORD100144,C1275,2025-07-14,Running Shoes,Fashion,2.0,4666.42,North,Jaipur,Credit Card,9332.84,2025-07,2025
ORD100145,C1035,2025-07-03,Office Chair,Furniture,3.0,8905.41,East,Kolkata,UPI,26716.23,2025-07,2025
ORD100146,C1252,2025-10-21,Office Chair,Furniture,5.0,8332.92,South,Hyderabad,Net Banking,41664.6,2025-10,2025
ORD100147,C1144,2025-05-21,Running Shoes,Fashion,2.0,4558.31,South,Chennai,Credit Card,9116.62,2025-05,2025
ORD100148,C1138,2025-05-13,Backpack,Fashion,1.0,2156.78,North,Chandigarh,UPI,2156.78,2025-05,2025
ORD100149,C1086,2025-09-23,Keyboard,Accessories,1.0,1931.01,West,Mumbai,UPI,1931.01,2025-09,2025
ORD100150,C1066,2025-12-23,Desk,Furniture,1.0,11428.01,East,Ranchi,Credit Card,11428.01,2025-12,2025
ORD100151,C1336,2025-02-02,Laptop,Electronics,1.0,54837.12,South,Chennai,Debit Card,54837.12,2025-02,2025
ORD100152,C1268,2025-04-25,T-Shirt,Fashion,1.0,1160.6,South,Chennai,Net Banking,1160.6,2025-04,2025
ORD100153,C1026,2025-08-03,Coffee Maker,Home Appliances,5.0,6971.12,East,Ranchi,UPI,34855.6,2025-08,2025
ORD100154,C1216,2025-09-29,Bookshelf,Furniture,1.0,6859.63,North,Jaipur,Credit Card,6859.63,2025-09,2025
ORD100155,C1205,2025-05-17,Desk,Furniture,1.0,12675.71,South,Bengaluru,Debit Card,12675.71,2025-05,2025
ORD100156,C1271,2025-01-12,Coffee Maker,Home Appliances,1.0,6770.42,North,Jaipur,UPI,6770.42,2025-01,2025
ORD100157,C1093,2025-05-21,Running Shoes,Fashion,3.0,4212.28,South,Vijayawada,Net Banking,12636.84,2025-05,2025
ORD100158,C1249,2025-11-17,Running Shoes,Fashion,1.0,4316.59,North,Delhi,Net Banking,4316.59,2025-11,2025
ORD100159,C1086,2025-05-02,Backpack,Fashion,2.0,2111.44,South,Vijayawada,UPI,4222.88,2025-05,2025
ORD100160,C1172,2025-04-14,Laptop,Electronics,2.0,55155.42,East,Ranchi,Credit Card,110310.84,2025-04,2025
ORD100161,C1334,2025-03-08,Mouse,Accessories,1.0,846.1,North,Lucknow,Credit Card,846.1,2025-03,2025
ORD100162,C1089,2025-03-02,Mixer Grinder,Home Appliances,2.0,4956.82,South,Vijayawada,UPI,9913.64,2025-03,2025
ORD100163,C1163,2025-01-27,Mouse,Accessories,1.0,915.57,East,Kolkata,Credit Card,915.57,2025-01,2025
ORD100164,C1260,2025-10-26,Desk,Furniture,5.0,12611.15,South,Hyderabad,Credit Card,63055.75,2025-10,2025
ORD100165,C1120,2025-12-07,Mixer Grinder,Home Appliances,1.0,4825.69,East,Kolkata,Debit Card,4825.69,2025-12,2025
ORD100166,C1324,2025-03-18,Running Shoes,Fashion,3.0,4292.61,West,Ahmedabad,Credit Card,12877.829999999998,2025-03,2025
ORD100167,C1022,2025-11-17,Keyboard,Accessories,5.0,1736.9,South,Hyderabad,Credit Card,8684.5,2025-11,2025
ORD100168,C1323,2025-02-25,Coffee Maker,Home Appliances,2.0,6388.64,South,Bengaluru,UPI,12777.28,2025-02,2025
ORD100169,C1166,2025-01-27,Office Chair,Furniture,2.0,8635.59,North,Lucknow,Cash on Delivery,17271.18,2025-01,2025
ORD100170,C1015,2025-08-02,Desk,Furniture,2.0,12664.33,South,Chennai,Credit Card,25328.66,2025-08,2025
ORD100171,C1231,2025-10-02,Keyboard,Accessories,5.0,1809.05,West,Surat,UPI,9045.25,2025-10,2025
ORD100172,C1197,2025-11-23,Mouse,Accessories,2.0,886.05,North,Chandigarh,Debit Card,1772.1,2025-11,2025
ORD100173,C1120,2025-05-27,Backpack,Fashion,1.0,2251.77,East,Patna,Credit Card,2251.77,2025-05,2025
ORD100174,C1230,2025-02-17,Office Chair,Furniture,1.0,8727.79,South,Chennai,Debit Card,8727.79,2025-02,2025
ORD100175,C1302,2025-12-10,Keyboard,Accessories,1.0,1880.11,South,Bengaluru,UPI,1880.11,2025-12,2025
ORD100176,C1100,2025-04-13,Air Fryer,Home Appliances,1.0,7349.04,South,Hyderabad,Debit Card,7349.04,2025-04,2025
ORD100177,C1334,2025-10-08,Air Fryer,Home Appliances,2.0,8051.34,South,Vijayawada,Credit Card,16102.68,2025-10,2025
ORD100178,C1140,2025-07-09,Coffee Maker,Home Appliances,1.0,6995.17,West,Pune,Debit Card,6995.17,2025-07,2025
ORD100179,C1156,2025-05-13,Backpack,Fashion,3.0,2238.8,North,Delhi,Cash on Delivery,6716.400000000001,2025-05,2025
ORD100180,C1222,2025-06-11,Mixer Grinder,Home Appliances,2.0,5191.53,South,Vijayawada,UPI,10383.06,2025-06,2025
ORD100181,C1343,2025-12-08,Mixer Grinder,Home Appliances,4.0,5485.64,East,Kolkata,Debit Card,21942.56,2025-12,2025
ORD100182,C1085,2025-09-13,Bookshelf,Furniture,1.0,6454.71,West,Surat,Debit Card,6454.71,2025-09,2025
ORD100183,C1077,2025-04-15,Running Shoes,Fashion,2.0,4435.19,South,Chennai,Net Banking,8870.38,2025-04,2025
ORD100184,C1280,2025-06-15,Keyboard,Accessories,1.0,1752.81,South,Vijayawada,Net Banking,1752.81,2025-06,2025
ORD100185,C1350,2025-06-14,Smartwatch,Electronics,1.0,6876.87,West,Mumbai,UPI,6876.87,2025-06,2025
ORD100186,C1344,2025-04-16,Bookshelf,Furniture,2.0,6950.22,North,Delhi,UPI,13900.44,2025-04,2025
ORD100187,C1233,2025-03-23,Bookshelf,Furniture,1.0,6900.24,West,Mumbai,UPI,6900.24,2025-03,2025
ORD100188,C1176,2025-03-30,T-Shirt,Fashion,1.0,1210.02,South,Vijayawada,Debit Card,1210.02,2025-03,2025
ORD100189,C1034,2025-02-08,Coffee Maker,Home Appliances,5.0,6517.12,East,Patna,Debit Card,32585.6,2025-02,2025
ORD100190,C1018,2025-03-18,Smartphone,Electronics,1.0,27663.0,South,Vijayawada,Debit Card,27663.0,2025-03,2025
ORD100191,C1146,2025-12-08,Coffee Maker,Home Appliances,3.0,6834.08,West,Pune,UPI,20502.239999999998,2025-12,2025
ORD100192,C1051,2025-04-08,Smartwatch,Electronics,1.0,7440.19,East,Patna,Net Banking,7440.19,2025-04,2025
ORD100193,C1019,2025-07-06,Air Fryer,Home Appliances,2.0,7260.26,South,Bengaluru,UPI,14520.52,2025-07,2025
ORD100194,C1289,2025-09-30,Smartphone,Electronics,1.0,28682.11,West,Pune,UPI,28682.11,2025-09,2025
ORD100195,C1287,2025-06-15,Laptop,Electronics,3.0,55342.69,East,Kolkata,UPI,166028.07,2025-06,2025
ORD100196,C1177,2025-03-15,Office Chair,Furniture,1.0,8843.17,West,Pune,Debit Card,8843.17,2025-03,2025
ORD100197,C1264,2025-08-25,T-Shirt,Fashion,1.0,1144.01,North,Jaipur,UPI,1144.01,2025-08,2025
ORD100198,C1140,2025-01-23,Coffee Maker,Home Appliances,1.0,6836.03,South,Bengaluru,Cash on Delivery,6836.03,2025-01,2025
ORD100199,C1307,2025-03-09,Mixer Grinder,Home Appliances,1.0,5110.91,West,Mumbai,Cash on Delivery,5110.91,2025-03,2025
ORD100200,C1102,2025-12-12,Bookshelf,Furniture,1.0,6662.32,South,Vijayawada,Debit Card,6662.32,2025-12,2025
ORD100201,C1010,2025-06-19,Laptop,Electronics,3.0,56852.69,North,Lucknow,UPI,170558.07,2025-06,2025
ORD100202,C1266,2025-04-05,Air Fryer,Home Appliances,1.0,7698.48,North,Lucknow,Net Banking,7698.48,2025-04,2025
ORD100203,C1111,2025-03-01,Mouse,Accessories,1.0,903.16,North,Lucknow,Credit Card,903.16,2025-03,2025
ORD100204,C1314,2025-08-07,Running Shoes,Fashion,1.0,4292.84,South,Hyderabad,Debit Card,4292.84,2025-08,2025
ORD100205,C1328,2025-11-03,Coffee Maker,Home Appliances,1.0,6475.14,East,Kolkata,UPI,6475.14,2025-11,2025
ORD100206,C1075,2025-01-10,Mouse,Accessories,1.0,925.85,West,Mumbai,UPI,925.85,2025-01,2025
ORD100207,C1302,2025-08-26,Office Chair,Furniture,1.0,8003.18,North,Delhi,UPI,8003.18,2025-08,2025
ORD100208,C1214,2025-12-06,Mouse,Accessories,1.0,866.13,South,Chennai,UPI,866.13,2025-12,2025
ORD100209,C1041,2025-01-19,Mixer Grinder,Home Appliances,1.0,4873.36,East,Ranchi,Credit Card,4873.36,2025-01,2025
ORD100210,C1185,2025-09-10,Office Chair,Furniture,2.0,8934.94,East,Kolkata,Cash on Delivery,17869.88,2025-09,2025
ORD100211,C1202,2025-02-01,Office Chair,Furniture,1.0,9110.16,North,Delhi,Net Banking,9110.16,2025-02,2025
ORD100212,C1340,2025-04-16,Air Fryer,Home Appliances,1.0,7792.1,East,Kolkata,Credit Card,7792.1,2025-04,2025
ORD100213,C1068,2025-03-21,Mixer Grinder,Home Appliances,1.0,5051.14,West,Pune,UPI,5051.14,2025-03,2025
ORD100214,C1152,2025-06-10,Coffee Maker,Home Appliances,1.0,6405.02,West,Surat,Debit Card,6405.02,2025-06,2025
ORD100215,C1158,2025-04-09,Mouse,Accessories,1.0,875.41,East,Ranchi,Credit Card,875.41,2025-04,2025
ORD100216,C1122,2025-12-21,Mouse,Accessories,2.0,874.18,West,Pune,UPI,1748.36,2025-12,2025
ORD100217,C1076,2025-11-12,Desk,Furniture,2.0,11787.07,South,Bengaluru,Credit Card,23574.14,2025-11,2025
ORD100218,C1210,2025-03-08,Coffee Maker,Home Appliances,3.0,6944.61,South,Vijayawada,Debit Card,20833.829999999998,2025-03,2025
ORD100219,C1203,2025-12-03,Bookshelf,Furniture,1.0,6940.86,East,Kolkata,UPI,6940.86,2025-12,2025
ORD100220,C1261,2025-05-03,Running Shoes,Fashion,2.0,4159.1,West,Mumbai,Net Banking,8318.2,2025-05,2025
ORD100221,C1116,2025-12-08,Smartwatch,Electronics,1.0,7321.05,North,Jaipur,Net Banking,7321.05,2025-12,2025
ORD100222,C1272,2025-06-08,Bookshelf,Furniture,1.0,6147.01,West,Pune,Credit Card,6147.01,2025-06,2025
ORD100223,C1066,2025-11-07,Smartwatch,Electronics,4.0,7398.32,East,Patna,Credit Card,29593.28,2025-11,2025
ORD100224,C1169,2025-07-04,Bookshelf,Furniture,1.0,6823.4,North,Chandigarh,Credit Card,6823.4,2025-07,2025
ORD100225,C1147,2025-02-16,Running Shoes,Fashion,1.0,4406.39,West,Surat,UPI,4406.39,2025-02,2025
ORD100226,C1307,2025-09-24,Air Fryer,Home Appliances,1.0,7555.14,East,Ranchi,UPI,7555.14,2025-09,2025
ORD100227,C1234,2025-08-17,Bookshelf,Furniture,2.0,6149.93,North,Lucknow,UPI,12299.86,2025-08,2025
ORD100228,C1076,2025-12-06,Coffee Maker,Home Appliances,1.0,6523.14,South,Hyderabad,UPI,6523.14,2025-12,2025
ORD100229,C1142,2025-03-14,Backpack,Fashion,1.0,2357.46,North,Delhi,Net Banking,2357.46,2025-03,2025
ORD100230,C1222,2025-11-19,Office Chair,Furniture,2.0,9005.12,South,Vijayawada,Credit Card,18010.24,2025-11,2025
ORD100231,C1336,2025-06-24,Headphones,Electronics,2.0,3776.38,South,Chennai,UPI,7552.76,2025-06,2025
ORD100232,C1328,2025-04-24,Smartwatch,Electronics,3.0,6490.53,South,Hyderabad,Net Banking,19471.59,2025-04,2025
ORD100233,C1188,2025-09-21,Air Fryer,Home Appliances,3.0,7370.39,South,Bengaluru,Net Banking,22111.170000000002,2025-09,2025
ORD100234,C1340,2025-03-04,Air Fryer,Home Appliances,1.0,7254.77,North,Lucknow,UPI,7254.77,2025-03,2025
ORD100235,C1304,2025-09-03,Coffee Maker,Home Appliances,4.0,6078.06,South,Bengaluru,Debit Card,24312.24,2025-09,2025
ORD100236,C1045,2025-08-17,Backpack,Fashion,3.0,2356.07,East,Ranchi,Debit Card,7068.210000000001,2025-08,2025
ORD100237,C1247,2025-06-09,Keyboard,Accessories,3.0,1935.88,North,Lucknow,Credit Card,5807.64,2025-06,2025
ORD100238,C1032,2025-02-11,Office Chair,Furniture,1.0,8352.45,North,Jaipur,UPI,8352.45,2025-02,2025
ORD100239,C1013,2025-02-01,Backpack,Fashion,4.0,2239.5,North,Chandigarh,UPI,8958.0,2025-02,2025
ORD100240,C1328,2025-08-31,Mixer Grinder,Home Appliances,1.0,5213.11,East,Kolkata,Cash on Delivery,5213.11,2025-08,2025
ORD100241,C1069,2025-02-24,Laptop,Electronics,1.0,51157.29,South,Bengaluru,Credit Card,51157.29,2025-02,2025
ORD100242,C1281,2025-07-05,Mouse,Accessories,2.0,857.07,North,Chandigarh,Credit Card,1714.14,2025-07,2025
ORD100243,C1080,2025-06-22,Running Shoes,Fashion,1.0,4205.22,East,Ranchi,Credit Card,4205.22,2025-06,2025
ORD100244,C1064,2025-06-04,Running Shoes,Fashion,2.0,4529.14,North,Chandigarh,UPI,9058.28,2025-06,2025
ORD100246,C1182,2025-07-13,T-Shirt,Fashion,1.0,1199.55,South,Vijayawada,Credit Card,1199.55,2025-07,2025
ORD100247,C1148,2025-12-03,Bookshelf,Furniture,1.0,6477.06,East,Bhubaneswar,UPI,6477.06,2025-12,2025
ORD100248,C1344,2025-08-07,Coffee Maker,Home Appliances,2.0,6032.87,South,Hyderabad,Credit Card,12065.74,2025-08,2025
ORD100249,C1227,2025-09-20,Desk,Furniture,1.0,12618.65,North,Chandigarh,Debit Card,12618.65,2025-09,2025
ORD100250,C1122,2025-04-21,Air Fryer,Home Appliances,3.0,7963.57,West,Pune,Debit Card,23890.71,2025-04,2025
ORD100251,C1285,2025-08-18,Coffee Maker,Home Appliances,1.0,6422.09,East,Patna,Credit Card,6422.09,2025-08,2025
ORD100252,C1046,2025-05-08,Laptop,Electronics,1.0,57157.79,North,Lucknow,UPI,57157.79,2025-05,2025
ORD100253,C1039,2025-07-25,Mouse,Accessories,3.0,867.25,West,Ahmedabad,Cash on Delivery,2601.75,2025-07,2025
ORD100255,C1052,2025-10-20,Headphones,Electronics,1.0,3487.91,South,Hyderabad,UPI,3487.91,2025-10,2025
ORD100256,C1025,2025-02-24,Smartwatch,Electronics,2.0,7229.63,South,Chennai,Credit Card,14459.26,2025-02,2025
ORD100257,C1288,2025-06-10,Smartwatch,Electronics,3.0,6942.03,West,Surat,UPI,20826.09,2025-06,2025
ORD100258,C1085,2025-09-20,Mouse,Accessories,1.0,884.46,South,Chennai,Debit Card,884.46,2025-09,2025
ORD100259,C1107,2025-09-13,Headphones,Electronics,1.0,3465.74,South,Chennai,UPI,3465.74,2025-09,2025
ORD100260,C1226,2025-08-18,Air Fryer,Home Appliances,4.0,7797.42,West,Mumbai,Net Banking,31189.68,2025-08,2025
ORD100261,C1278,2025-07-04,Running Shoes,Fashion,3.0,4794.2,West,Surat,Credit Card,14382.599999999999,2025-07,2025
ORD100262,C1143,2025-06-29,Coffee Maker,Home Appliances,1.0,6494.09,South,Bengaluru,Credit Card,6494.09,2025-06,2025
ORD100263,C1278,2025-03-13,Coffee Maker,Home Appliances,1.0,6214.18,East,Patna,Net Banking,6214.18,2025-03,2025
ORD100264,C1141,2025-02-16,Coffee Maker,Home Appliances,3.0,6306.92,East,Ranchi,UPI,18920.760000000002,2025-02,2025
ORD100265,C1104,2025-08-13,Mixer Grinder,Home Appliances,1.0,5247.43,East,Patna,UPI,5247.43,2025-08,2025
ORD100266,C1292,2025-01-22,Smartwatch,Electronics,4.0,6891.23,South,Bengaluru,Debit Card,27564.92,2025-01,2025
ORD100267,C1320,2025-12-03,T-Shirt,Fashion,3.0,1154.82,South,Bengaluru,UPI,3464.46,2025-12,2025
ORD100268,C1338,2025-05-05,Keyboard,Accessories,1.0,1735.55,East,Patna,UPI,1735.55,2025-05,2025
ORD100269,C1271,2025-08-11,Laptop,Electronics,1.0,57426.96,North,Jaipur,UPI,57426.96,2025-08,2025
ORD100270,C1348,2025-05-13,Coffee Maker,Home Appliances,1.0,6574.01,South,Vijayawada,UPI,6574.01,2025-05,2025
ORD100271,C1139,2025-02-21,Smartwatch,Electronics,3.0,6539.73,North,Delhi,Debit Card,19619.19,2025-02,2025
ORD100272,C1168,2025-06-08,Headphones,Electronics,1.0,3449.63,South,Chennai,Net Banking,3449.63,2025-06,2025
ORD100273,C1142,2025-08-27,Desk,Furniture,5.0,11830.74,West,Ahmedabad,Cash on Delivery,59153.7,2025-08,2025
ORD100274,C1164,2025-06-01,Smartphone,Electronics,2.0,26198.09,West,Mumbai,UPI,52396.18,2025-06,2025
ORD100275,C1318,2025-03-19,Headphones,Electronics,1.0,3665.79,North,Delhi,Net Banking,3665.79,2025-03,2025
ORD100276,C1331,2025-01-09,Running Shoes,Fashion,1.0,4237.23,South,Chennai,Credit Card,4237.23,2025-01,2025
ORD100277,C1057,2025-02-01,Air Fryer,Home Appliances,1.0,7219.83,East,Kolkata,Debit Card,7219.83,2025-02,2025
ORD100278,C1297,2025-04-01,Office Chair,Furniture,4.0,8977.36,South,Vijayawada,UPI,35909.44,2025-04,2025
ORD100279,C1266,2025-07-16,Desk,Furniture,1.0,12228.32,East,Kolkata,UPI,12228.32,2025-07,2025
ORD100280,C1307,2025-01-21,Smartphone,Electronics,2.0,27736.68,East,Ranchi,Credit Card,55473.36,2025-01,2025
ORD100281,C1042,2025-06-04,Bookshelf,Furniture,2.0,6279.37,East,Patna,UPI,12558.74,2025-06,2025
ORD100282,C1276,2025-10-31,Keyboard,Accessories,2.0,1769.79,North,Lucknow,Net Banking,3539.58,2025-10,2025
ORD100283,C1066,2025-10-18,Coffee Maker,Home Appliances,2.0,6524.01,West,Mumbai,Debit Card,13048.02,2025-10,2025
ORD100284,C1124,2025-05-24,Office Chair,Furniture,4.0,9158.49,West,Surat,Debit Card,36633.96,2025-05,2025
ORD100285,C1307,2025-08-13,Running Shoes,Fashion,1.0,4436.91,East,Bhubaneswar,UPI,4436.91,2025-08,2025
ORD100286,C1106,2025-10-12,Desk,Furniture,5.0,12736.38,North,Chandigarh,Debit Card,63681.899999999994,2025-10,2025
ORD100287,C1009,2025-12-13,Smartwatch,Electronics,2.0,7369.15,West,Pune,UPI,14738.3,2025-12,2025
ORD100288,C1122,2025-06-15,Air Fryer,Home Appliances,1.0,7244.9,West,Ahmedabad,Net Banking,7244.9,2025-06,2025
ORD100289,C1263,2025-05-12,Coffee Maker,Home Appliances,4.0,6032.92,North,Delhi,UPI,24131.68,2025-05,2025
ORD100290,C1186,2025-07-19,Desk,Furniture,3.0,11454.58,West,Surat,Debit Card,34363.74,2025-07,2025
ORD100292,C1225,2025-01-23,Mouse,Accessories,1.0,892.73,North,Lucknow,UPI,892.73,2025-01,2025
ORD100293,C1050,2025-02-16,Laptop,Electronics,1.0,55691.76,East,Ranchi,Cash on Delivery,55691.76,2025-02,2025
ORD100294,C1075,2025-04-17,Headphones,Electronics,1.0,3314.72,East,Ranchi,UPI,3314.72,2025-04,2025
ORD100295,C1047,2025-01-11,Headphones,Electronics,5.0,3261.47,South,Bengaluru,Net Banking,16307.349999999999,2025-01,2025
ORD100296,C1224,2025-04-23,Coffee Maker,Home Appliances,2.0,6897.46,West,Ahmedabad,Credit Card,13794.92,2025-04,2025
ORD100297,C1060,2025-01-25,Bookshelf,Furniture,1.0,6466.36,North,Lucknow,Debit Card,6466.36,2025-01,2025
ORD100298,C1116,2025-09-09,Coffee Maker,Home Appliances,1.0,6855.75,South,Chennai,Debit Card,6855.75,2025-09,2025
ORD100299,C1076,2025-10-02,Running Shoes,Fashion,2.0,4361.52,South,Vijayawada,Debit Card,8723.04,2025-10,2025
ORD100300,C1194,2025-05-04,Running Shoes,Fashion,2.0,4348.68,South,Vijayawada,Debit Card,8697.36,2025-05,2025
ORD100301,C1237,2025-08-14,Office Chair,Furniture,1.0,8763.22,West,Ahmedabad,Debit Card,8763.22,2025-08,2025
ORD100302,C1078,2025-12-30,Running Shoes,Fashion,1.0,4202.43,North,Delhi,Credit Card,4202.43,2025-12,2025
ORD100303,C1267,2025-01-14,Mixer Grinder,Home Appliances,3.0,5238.1,South,Hyderabad,Credit Card,15714.300000000001,2025-01,2025
ORD100304,C1186,2025-12-17,Backpack,Fashion,4.0,2197.12,West,Pune,Credit Card,8788.48,2025-12,2025
ORD100305,C1323,2025-07-07,Bookshelf,Furniture,2.0,6480.86,South,Hyderabad,Credit Card,12961.72,2025-07,2025
ORD100306,C1076,2025-06-05,Backpack,Fashion,1.0,2087.67,East,Bhubaneswar,UPI,2087.67,2025-06,2025
ORD100307,C1012,2025-09-16,Backpack,Fashion,2.0,2282.18,North,Delhi,Credit Card,4564.36,2025-09,2025
ORD100308,C1115,2025-03-13,Bookshelf,Furniture,1.0,6631.7,East,Kolkata,Debit Card,6631.7,2025-03,2025
ORD100309,C1176,2025-12-11,Keyboard,Accessories,1.0,1916.87,West,Pune,Debit Card,1916.87,2025-12,2025
ORD100310,C1088,2025-05-08,Desk,Furniture,1.0,11590.83,East,Ranchi,UPI,11590.83,2025-05,2025
ORD100311,C1224,2025-05-05,Running Shoes,Fashion,5.0,4519.28,East,Patna,Net Banking,22596.399999999998,2025-05,2025
ORD100312,C1107,2025-03-24,Office Chair,Furniture,2.0,8952.66,South,Vijayawada,Credit Card,17905.32,2025-03,2025
ORD100313,C1095,2025-12-17,Smartwatch,Electronics,3.0,7334.26,East,Ranchi,UPI,22002.78,2025-12,2025
ORD100314,C1143,2025-05-31,Running Shoes,Fashion,2.0,4598.4,West,Ahmedabad,Debit Card,9196.8,2025-05,2025
ORD100315,C1298,2025-07-14,Mixer Grinder,Home Appliances,1.0,4941.01,South,Chennai,Credit Card,4941.01,2025-07,2025
ORD100316,C1111,2025-12-23,Laptop,Electronics,2.0,50786.17,West,Mumbai,UPI,101572.34,2025-12,2025
ORD100317,C1204,2025-12-03,Smartwatch,Electronics,1.0,6501.53,South,Hyderabad,UPI,6501.53,2025-12,2025
ORD100318,C1155,2025-09-04,Laptop,Electronics,2.0,54513.25,South,Vijayawada,Unknown,109026.5,2025-09,2025
ORD100319,C1317,2025-08-05,Office Chair,Furniture,1.0,8062.9,East,Ranchi,Credit Card,8062.9,2025-08,2025
ORD100320,C1210,2025-03-13,T-Shirt,Fashion,2.0,1243.16,South,Bengaluru,Cash on Delivery,2486.32,2025-03,2025
ORD100321,C1079,2025-09-28,Air Fryer,Home Appliances,1.0,7624.86,South,Chennai,UPI,7624.86,2025-09,2025
ORD100322,C1226,2025-07-18,Smartphone,Electronics,1.0,27727.52,West,Pune,Credit Card,27727.52,2025-07,2025
ORD100323,C1167,2025-11-12,Running Shoes,Fashion,2.0,4214.01,East,Ranchi,Credit Card,8428.02,2025-11,2025
ORD100324,C1145,2025-03-01,T-Shirt,Fashion,1.0,1191.34,South,Bengaluru,UPI,1191.34,2025-03,2025
ORD100325,C1007,2025-07-14,Headphones,Electronics,1.0,3740.56,East,Ranchi,Cash on Delivery,3740.56,2025-07,2025
ORD100326,C1318,2025-03-13,Desk,Furniture,2.0,12902.79,South,Vijayawada,Cash on Delivery,25805.58,2025-03,2025
ORD100327,C1216,2025-12-09,Headphones,Electronics,3.0,3563.74,South,Hyderabad,Credit Card,10691.22,2025-12,2025
ORD100328,C1256,2025-09-14,Running Shoes,Fashion,2.0,4194.01,South,Hyderabad,Net Banking,8388.02,2025-09,2025
ORD100329,C1257,2025-02-17,Desk,Furniture,1.0,12901.36,North,Jaipur,UPI,12901.36,2025-02,2025
ORD100330,C1257,2025-07-10,Bookshelf,Furniture,1.0,6960.27,South,Bengaluru,UPI,6960.27,2025-07,2025
ORD100331,C1217,2025-08-04,Bookshelf,Furniture,3.0,6231.37,North,Chandigarh,Cash on Delivery,18694.11,2025-08,2025
ORD100332,C1031,2025-06-14,Smartphone,Electronics,5.0,26434.68,West,Pune,Debit Card,132173.4,2025-06,2025
ORD100333,C1100,2025-02-21,Mixer Grinder,Home Appliances,1.0,5411.14,South,Chennai,UPI,5411.14,2025-02,2025
ORD100334,C1334,2025-10-20,Laptop,Electronics,3.0,54528.23,North,Chandigarh,Debit Card,163584.69,2025-10,2025
ORD100335,C1054,2025-04-09,Headphones,Electronics,1.0,3299.32,East,Kolkata,Debit Card,3299.32,2025-04,2025
ORD100336,C1146,2025-09-09,Smartphone,Electronics,1.0,27736.03,South,Bengaluru,Credit Card,27736.03,2025-09,2025
ORD100337,C1228,2025-04-30,Keyboard,Accessories,2.0,1763.63,South,Chennai,UPI,3527.26,2025-04,2025
ORD100338,C1284,2025-10-07,Office Chair,Furniture,1.0,8355.94,South,Bengaluru,UPI,8355.94,2025-10,2025
ORD100339,C1121,2025-10-04,Mixer Grinder,Home Appliances,1.0,5212.59,West,Ahmedabad,Credit Card,5212.59,2025-10,2025
ORD100340,C1211,2025-12-24,Coffee Maker,Home Appliances,4.0,6003.16,West,Mumbai,Debit Card,24012.64,2025-12,2025
ORD100341,C1344,2025-12-25,Air Fryer,Home Appliances,2.0,8335.59,West,Pune,UPI,16671.18,2025-12,2025
ORD100342,C1346,2025-02-03,Mouse,Accessories,1.0,876.43,North,Jaipur,UPI,876.43,2025-02,2025
ORD100343,C1343,2025-02-25,Smartphone,Electronics,1.0,27909.5,East,Bhubaneswar,Credit Card,27909.5,2025-02,2025
ORD100344,C1177,2025-10-15,Laptop,Electronics,4.0,52939.12,South,Bengaluru,UPI,211756.48,2025-10,2025
ORD100345,C1091,2025-12-22,Backpack,Fashion,2.0,2365.84,East,Bhubaneswar,Credit Card,4731.68,2025-12,2025
ORD100346,C1137,2025-11-11,T-Shirt,Fashion,1.0,1268.25,North,Chandigarh,Credit Card,1268.25,2025-11,2025
ORD100347,C1138,2025-05-28,Air Fryer,Home Appliances,1.0,7214.77,South,Vijayawada,UPI,7214.77,2025-05,2025
ORD100348,C1125,2025-07-04,T-Shirt,Fashion,2.0,1154.59,South,Hyderabad,UPI,2309.18,2025-07,2025
ORD100349,C1201,2025-01-21,Keyboard,Accessories,1.0,1901.56,North,Lucknow,UPI,1901.56,2025-01,2025
ORD100350,C1044,2025-07-22,Laptop,Electronics,1.0,54952.48,North,Chandigarh,UPI,54952.48,2025-07,2025
ORD100351,C1213,2025-03-24,T-Shirt,Fashion,3.0,1283.89,South,Hyderabad,Debit Card,3851.67,2025-03,2025
ORD100352,C1182,2025-02-10,Office Chair,Furniture,1.0,8041.48,East,Patna,Credit Card,8041.48,2025-02,2025
ORD100353,C1093,2025-08-09,Coffee Maker,Home Appliances,1.0,6944.78,West,Mumbai,UPI,6944.78,2025-08,2025
ORD100354,C1098,2025-05-09,Bookshelf,Furniture,1.0,6014.12,South,Bengaluru,UPI,6014.12,2025-05,2025
ORD100355,C1032,2025-04-30,Air Fryer,Home Appliances,1.0,7585.25,North,Jaipur,UPI,7585.25,2025-04,2025
ORD100356,C1177,2025-01-17,Smartwatch,Electronics,5.0,7479.95,West,Mumbai,Credit Card,37399.75,2025-01,2025
ORD100357,C1314,2025-06-24,Air Fryer,Home Appliances,2.0,8229.65,West,Pune,Credit Card,16459.3,2025-06,2025
ORD100358,C1034,2025-06-29,Smartphone,Electronics,1.0,29923.01,East,Ranchi,Cash on Delivery,29923.01,2025-06,2025
ORD100359,C1270,2025-09-02,Office Chair,Furniture,2.0,7866.48,South,Vijayawada,Debit Card,15732.96,2025-09,2025
ORD100360,C1145,2025-12-24,Mixer Grinder,Home Appliances,1.0,5013.57,East,Patna,UPI,5013.57,2025-12,2025
ORD100361,C1308,2025-01-18,Running Shoes,Fashion,1.0,4446.07,South,Chennai,UPI,4446.07,2025-01,2025
ORD100362,C1147,2025-01-19,Mixer Grinder,Home Appliances,1.0,5202.09,North,Chandigarh,UPI,5202.09,2025-01,2025
ORD100363,C1145,2025-07-21,Mouse,Accessories,1.0,909.47,South,Hyderabad,Net Banking,909.47,2025-07,2025
ORD100364,C1294,2025-07-31,Bookshelf,Furniture,3.0,6986.3,East,Bhubaneswar,UPI,20958.9,2025-07,2025
ORD100365,C1093,2025-04-26,Air Fryer,Home Appliances,3.0,7905.03,South,Hyderabad,Cash on Delivery,23715.09,2025-04,2025
ORD100366,C1210,2025-05-03,Bookshelf,Furniture,2.0,6041.2,West,Mumbai,Net Banking,12082.4,2025-05,2025
ORD100367,C1042,2025-05-19,Laptop,Electronics,1.0,56433.74,North,Delhi,Cash on Delivery,56433.74,2025-05,2025
ORD100368,C1252,2025-05-02,Smartwatch,Electronics,1.0,7098.15,South,Vijayawada,Credit Card,7098.15,2025-05,2025
ORD100369,C1306,2025-04-25,Desk,Furniture,5.0,11914.28,South,Bengaluru,Credit Card,59571.4,2025-04,2025
ORD100370,C1332,2025-08-28,Coffee Maker,Home Appliances,1.0,6946.82,South,Vijayawada,UPI,6946.82,2025-08,2025
ORD100371,C1315,2025-07-21,Keyboard,Accessories,1.0,1710.73,North,Jaipur,UPI,1710.73,2025-07,2025
ORD100372,C1119,2025-02-07,Desk,Furniture,1.0,12295.16,South,Hyderabad,Debit Card,12295.16,2025-02,2025
ORD100373,C1048,2025-06-28,Office Chair,Furniture,2.0,9011.72,East,Kolkata,UPI,18023.44,2025-06,2025
ORD100374,C1130,2025-06-21,Bookshelf,Furniture,1.0,6043.06,North,Jaipur,UPI,6043.06,2025-06,2025
ORD100375,C1136,2025-05-01,Running Shoes,Fashion,1.0,4591.41,South,Chennai,UPI,4591.41,2025-05,2025
ORD100376,C1339,2025-04-07,T-Shirt,Fashion,1.0,1216.8,West,Ahmedabad,Credit Card,1216.8,2025-04,2025
ORD100377,C1245,2025-12-28,Smartphone,Electronics,1.0,27682.36,West,Surat,Cash on Delivery,27682.36,2025-12,2025
ORD100378,C1264,2025-09-15,Mixer Grinder,Home Appliances,2.0,4889.3,South,Chennai,Credit Card,9778.6,2025-09,2025
ORD100379,C1265,2025-06-12,Smartphone,Electronics,2.0,28503.73,East,Patna,Net Banking,57007.46,2025-06,2025
ORD100380,C1302,2025-02-26,Desk,Furniture,2.0,11455.24,South,Vijayawada,Debit Card,22910.48,2025-02,2025
ORD100381,C1072,2025-04-23,Desk,Furniture,1.0,12391.25,South,Chennai,UPI,12391.25,2025-04,2025
ORD100382,C1341,2025-03-12,Desk,Furniture,1.0,11601.24,West,Surat,Debit Card,11601.24,2025-03,2025
ORD100383,C1255,2025-01-27,Backpack,Fashion,1.0,2037.91,South,Hyderabad,UPI,2037.91,2025-01,2025
ORD100384,C1166,2025-03-18,Air Fryer,Home Appliances,4.0,8120.12,West,Mumbai,Credit Card,32480.48,2025-03,2025
ORD100385,C1210,2025-04-17,Air Fryer,Home Appliances,2.0,7714.08,South,Chennai,Net Banking,15428.16,2025-04,2025
ORD100386,C1124,2025-10-06,Running Shoes,Fashion,1.0,4270.11,South,Vijayawada,UPI,4270.11,2025-10,2025
ORD100387,C1012,2025-11-04,Keyboard,Accessories,1.0,1920.74,West,Mumbai,UPI,1920.74,2025-11,2025
ORD100388,C1074,2025-05-01,Laptop,Electronics,1.0,59277.06,South,Chennai,UPI,59277.06,2025-05,2025
ORD100389,Unknown,2025-04-25,Smartphone,Electronics,2.0,27447.77,North,Lucknow,UPI,54895.54,2025-04,2025
ORD100390,C1199,2025-07-22,Coffee Maker,Home Appliances,3.0,6364.35,West,Pune,UPI,19093.050000000003,2025-07,2025
ORD100391,C1254,2025-01-03,Keyboard,Accessories,2.0,1738.96,South,Bengaluru,UPI,3477.92,2025-01,2025
ORD100392,C1020,2025-11-21,Bookshelf,Furniture,1.0,6004.71,East,Ranchi,Net Banking,6004.71,2025-11,2025
ORD100393,C1172,2025-11-20,Coffee Maker,Home Appliances,1.0,6807.35,North,Delhi,Credit Card,6807.35,2025-11,2025
ORD100394,C1168,2025-04-17,Air Fryer,Home Appliances,3.0,7240.58,South,Vijayawada,Net Banking,21721.739999999998,2025-04,2025
ORD100395,C1129,2025-01-23,Smartphone,Electronics,1.0,27635.22,West,Ahmedabad,Credit Card,27635.22,2025-01,2025
ORD100396,C1128,2025-11-12,Smartwatch,Electronics,1.0,6720.96,South,Chennai,UPI,6720.96,2025-11,2025
ORD100397,C1297,2025-12-20,Mixer Grinder,Home Appliances,1.0,5361.29,West,Surat,UPI,5361.29,2025-12,2025
ORD100398,C1346,2025-03-06,Office Chair,Furniture,1.0,8856.66,South,Bengaluru,UPI,8856.66,2025-03,2025
ORD100399,C1126,2025-11-05,Mouse,Accessories,2.0,936.87,South,Hyderabad,UPI,1873.74,2025-11,2025
ORD100400,C1044,2025-07-03,Keyboard,Accessories,1.0,1710.57,East,Patna,Credit Card,1710.57,2025-07,2025
ORD100401,C1283,2025-05-23,Running Shoes,Fashion,2.0,4782.63,West,Ahmedabad,UPI,9565.26,2025-05,2025
ORD100402,C1239,2025-07-16,Desk,Furniture,1.0,12829.33,South,Hyderabad,Cash on Delivery,12829.33,2025-07,2025
ORD100403,C1083,2025-05-23,Desk,Furniture,1.0,11245.99,North,Jaipur,Credit Card,11245.99,2025-05,2025
ORD100404,C1268,2025-10-02,Headphones,Electronics,1.0,3330.87,East,Kolkata,UPI,3330.87,2025-10,2025
ORD100405,C1222,2025-11-05,Headphones,Electronics,1.0,3607.43,West,Surat,Debit Card,3607.43,2025-11,2025
ORD100406,C1245,2025-12-03,Laptop,Electronics,2.0,53437.68,West,Surat,Cash on Delivery,106875.36,2025-12,2025
ORD100407,C1350,2025-05-19,Laptop,Electronics,1.0,57253.86,West,Ahmedabad,UPI,57253.86,2025-05,2025
ORD100408,C1018,2025-01-22,Laptop,Electronics,1.0,55629.81,North,Delhi,Credit Card,55629.81,2025-01,2025
ORD100409,C1225,2025-03-11,Mixer Grinder,Home Appliances,2.0,5383.22,West,Ahmedabad,Debit Card,10766.44,2025-03,2025
ORD100410,C1096,2025-02-08,Coffee Maker,Home Appliances,2.0,6085.24,North,Lucknow,Credit Card,12170.48,2025-02,2025
ORD100411,C1078,2025-03-08,Bookshelf,Furniture,1.0,6595.97,West,Surat,Debit Card,6595.97,2025-03,2025
ORD100412,C1157,2025-09-23,Air Fryer,Home Appliances,2.0,7598.56,West,Surat,Net Banking,15197.12,2025-09,2025
ORD100413,Unknown,2025-10-13,Laptop,Electronics,1.0,51043.34,North,Lucknow,UPI,51043.34,2025-10,2025
ORD100414,C1038,2025-12-11,Headphones,Electronics,2.0,3351.51,East,Bhubaneswar,UPI,6703.02,2025-12,2025
ORD100415,C1039,2025-07-29,Laptop,Electronics,2.0,57663.8,North,Chandigarh,Credit Card,115327.6,2025-07,2025
ORD100416,C1310,2025-12-07,Air Fryer,Home Appliances,1.0,8328.28,North,Chandigarh,Credit Card,8328.28,2025-12,2025
ORD100417,C1012,2025-03-14,Bookshelf,Furniture,3.0,6498.54,South,Hyderabad,Debit Card,19495.62,2025-03,2025
ORD100418,C1330,2025-08-07,Coffee Maker,Home Appliances,1.0,6035.46,East,Ranchi,Cash on Delivery,6035.46,2025-08,2025
ORD100419,C1042,2025-11-15,Laptop,Electronics,1.0,54293.94,West,Ahmedabad,UPI,54293.94,2025-11,2025
ORD100420,C1193,2025-11-30,T-Shirt,Fashion,1.0,1147.53,East,Kolkata,UPI,1147.53,2025-11,2025
ORD100421,C1320,2025-04-17,Mouse,Accessories,1.0,918.17,West,Mumbai,UPI,918.17,2025-04,2025
ORD100422,C1218,2025-07-16,Bookshelf,Furniture,3.0,6636.54,East,Ranchi,Debit Card,19909.62,2025-07,2025
ORD100423,C1274,2025-03-05,Desk,Furniture,4.0,12164.36,South,Hyderabad,UPI,48657.44,2025-03,2025
ORD100424,C1119,2025-07-09,Keyboard,Accessories,2.0,1781.85,North,Delhi,UPI,3563.7,2025-07,2025
ORD100425,C1112,2025-08-13,Headphones,Electronics,4.0,3316.84,North,Lucknow,UPI,13267.36,2025-08,2025
ORD100426,C1100,2025-04-29,Backpack,Fashion,2.0,2358.4,North,Lucknow,Debit Card,4716.8,2025-04,2025
ORD100427,C1217,2025-10-25,Bookshelf,Furniture,1.0,6012.23,South,Bengaluru,Debit Card,6012.23,2025-10,2025
ORD100428,C1015,2025-06-23,Smartphone,Electronics,2.0,27534.37,North,Lucknow,UPI,55068.74,2025-06,2025
ORD100429,C1263,2025-08-22,Office Chair,Furniture,1.0,8578.31,East,Patna,Net Banking,8578.31,2025-08,2025
ORD100430,C1043,2025-12-06,Mouse,Accessories,2.0,951.69,West,Ahmedabad,Cash on Delivery,1903.38,2025-12,2025
ORD100431,C1002,2025-05-09,Mouse,Accessories,1.0,856.03,East,Kolkata,Credit Card,856.03,2025-05,2025
ORD100432,C1269,2025-11-08,Air Fryer,Home Appliances,1.0,7678.16,South,Chennai,Net Banking,7678.16,2025-11,2025
ORD100433,C1032,2025-07-01,Coffee Maker,Home Appliances,1.0,6929.85,South,Hyderabad,Credit Card,6929.85,2025-07,2025
ORD100434,C1160,2025-07-10,Bookshelf,Furniture,1.0,6674.09,East,Ranchi,Debit Card,6674.09,2025-07,2025
ORD100435,C1234,2025-10-15,Desk,Furniture,2.0,11486.5,South,Bengaluru,UPI,22973.0,2025-10,2025
ORD100436,C1095,2025-02-01,Keyboard,Accessories,1.0,1878.59,East,Ranchi,Credit Card,1878.59,2025-02,2025
ORD100437,C1308,2025-05-09,Keyboard,Accessories,3.0,1915.82,East,Kolkata,Cash on Delivery,5747.46,2025-05,2025
ORD100438,C1197,2025-09-18,Mouse,Accessories,2.0,888.84,East,Kolkata,UPI,1777.68,2025-09,2025
ORD100439,C1311,2025-11-01,Laptop,Electronics,1.0,54969.77,South,Chennai,Debit Card,54969.77,2025-11,2025
ORD100440,C1289,2025-04-02,T-Shirt,Fashion,1.0,1144.18,North,Lucknow,UPI,1144.18,2025-04,2025
ORD100441,C1102,2025-04-07,T-Shirt,Fashion,2.0,1269.68,West,Ahmedabad,Net Banking,2539.36,2025-04,2025
ORD100442,C1348,2025-01-25,Mouse,Accessories,2.0,949.87,West,Ahmedabad,Credit Card,1899.74,2025-01,2025
ORD100443,C1139,2025-03-18,Smartwatch,Electronics,1.0,7478.18,West,Surat,Credit Card,7478.18,2025-03,2025
ORD100444,C1138,2025-11-30,Backpack,Fashion,3.0,2163.59,South,Bengaluru,UPI,6490.77,2025-11,2025
ORD100445,C1202,2025-09-27,Headphones,Electronics,3.0,3259.26,East,Bhubaneswar,Credit Card,9777.78,2025-09,2025
ORD100446,C1204,2025-04-23,Keyboard,Accessories,1.0,1791.9,North,Lucknow,Credit Card,1791.9,2025-04,2025
ORD100447,C1281,2025-08-27,Smartphone,Electronics,2.0,27289.38,East,Bhubaneswar,Net Banking,54578.76,2025-08,2025
ORD100448,C1084,2025-05-12,Keyboard,Accessories,1.0,1868.88,West,Mumbai,Debit Card,1868.88,2025-05,2025
ORD100449,C1307,2025-01-23,Headphones,Electronics,4.0,3433.53,North,Jaipur,Cash on Delivery,13734.12,2025-01,2025
ORD100450,C1138,2025-12-11,Desk,Furniture,3.0,11101.73,South,Vijayawada,Net Banking,33305.19,2025-12,2025
ORD100451,C1249,2025-07-24,Mixer Grinder,Home Appliances,1.0,5459.83,North,Lucknow,Credit Card,5459.83,2025-07,2025
ORD100452,C1341,2025-10-20,Desk,Furniture,1.0,12274.18,South,Vijayawada,UPI,12274.18,2025-10,2025
ORD100453,C1177,2025-05-02,Keyboard,Accessories,3.0,1721.2,South,Bengaluru,Cash on Delivery,5163.6,2025-05,2025
ORD100454,C1125,2025-04-02,Office Chair,Furniture,2.0,8918.13,North,Delhi,Credit Card,17836.26,2025-04,2025
ORD100455,C1138,2025-02-28,Office Chair,Furniture,3.0,8005.86,West,Mumbai,Net Banking,24017.579999999998,2025-02,2025
ORD100456,C1096,2025-07-21,Air Fryer,Home Appliances,2.0,7592.95,South,Bengaluru,Credit Card,15185.9,2025-07,2025
ORD100458,C1073,2025-03-06,Backpack,Fashion,1.0,2299.53,West,Mumbai,UPI,2299.53,2025-03,2025
ORD100459,C1294,2025-07-14,Coffee Maker,Home Appliances,1.0,6732.97,South,Chennai,UPI,6732.97,2025-07,2025
ORD100460,C1236,2025-07-11,Backpack,Fashion,3.0,2269.85,West,Surat,Credit Card,6809.549999999999,2025-07,2025
ORD100461,C1026,2025-01-10,Office Chair,Furniture,1.0,8249.44,East,Patna,Cash on Delivery,8249.44,2025-01,2025
ORD100462,C1057,2025-04-14,Desk,Furniture,3.0,12942.72,West,Pune,Debit Card,38828.159999999996,2025-04,2025
ORD100463,C1228,2025-08-28,Smartwatch,Electronics,2.0,6837.29,South,Vijayawada,Credit Card,13674.58,2025-08,2025
ORD100464,C1224,2025-02-03,Smartphone,Electronics,1.0,26222.89,South,Chennai,UPI,26222.89,2025-02,2025
ORD100465,C1328,2025-07-31,Keyboard,Accessories,2.0,1811.28,West,Mumbai,Credit Card,3622.56,2025-07,2025
ORD100466,C1297,2025-10-22,Backpack,Fashion,2.0,2371.93,South,Vijayawada,Credit Card,4743.86,2025-10,2025
ORD100467,C1350,2025-05-03,Desk,Furniture,2.0,12519.16,North,Lucknow,Credit Card,25038.32,2025-05,2025
ORD100468,C1116,2025-08-22,Running Shoes,Fashion,1.0,4316.23,West,Mumbai,Debit Card,4316.23,2025-08,2025
ORD100469,C1243,2025-03-17,Coffee Maker,Home Appliances,1.0,6888.17,South,Bengaluru,UPI,6888.17,2025-03,2025
ORD100470,C1153,2025-04-03,Office Chair,Furniture,1.0,8631.55,North,Delhi,Cash on Delivery,8631.55,2025-04,2025
ORD100471,C1344,2025-12-22,Coffee Maker,Home Appliances,1.0,6974.09,West,Pune,Debit Card,6974.09,2025-12,2025
ORD100472,C1078,2025-02-17,Laptop,Electronics,3.0,57079.92,South,Chennai,Credit Card,171239.76,2025-02,2025
ORD100473,C1228,2025-12-14,Backpack,Fashion,2.0,2250.39,East,Bhubaneswar,UPI,4500.78,2025-12,2025
ORD100474,C1154,2025-07-18,Desk,Furniture,3.0,11871.36,South,Chennai,UPI,35614.08,2025-07,2025
ORD100475,C1269,2025-01-28,Coffee Maker,Home Appliances,1.0,6046.78,West,Mumbai,UPI,6046.78,2025-01,2025
ORD100476,Unknown,2025-07-15,Running Shoes,Fashion,3.0,4371.0,North,Jaipur,Cash on Delivery,13113.0,2025-07,2025
ORD100477,C1146,2025-12-24,Office Chair,Furniture,2.0,8442.74,North,Lucknow,Credit Card,16885.48,2025-12,2025
ORD100478,C1144,2025-11-04,Smartwatch,Electronics,1.0,6578.72,South,Chennai,Credit Card,6578.72,2025-11,2025
ORD100479,C1008,2025-01-07,Keyboard,Accessories,2.0,1787.83,South,Vijayawada,UPI,3575.66,2025-01,2025
ORD100480,C1186,2025-05-01,Air Fryer,Home Appliances,1.0,7676.83,South,Bengaluru,UPI,7676.83,2025-05,2025
ORD100481,C1192,2025-06-21,Smartphone,Electronics,2.0,27234.26,South,Bengaluru,UPI,54468.52,2025-06,2025
ORD100482,C1052,2025-03-12,Office Chair,Furniture,1.0,7992.53,East,Kolkata,Cash on Delivery,7992.53,2025-03,2025
ORD100483,C1342,2025-05-24,Backpack,Fashion,5.0,2055.13,West,Ahmedabad,UPI,10275.650000000001,2025-05,2025
ORD100484,C1053,2025-04-23,Air Fryer,Home Appliances,1.0,8338.19,North,Lucknow,Cash on Delivery,8338.19,2025-04,2025
ORD100485,C1324,2025-05-29,Desk,Furniture,4.0,11150.59,West,Pune,Credit Card,44602.36,2025-05,2025
ORD100486,C1160,2025-02-13,Running Shoes,Fashion,2.0,4624.93,South,Hyderabad,UPI,9249.86,2025-02,2025
ORD100487,C1350,2025-10-12,Mixer Grinder,Home Appliances,1.0,5373.77,East,Kolkata,UPI,5373.77,2025-10,2025
ORD100488,C1240,2025-04-04,Air Fryer,Home Appliances,1.0,7912.06,West,Mumbai,Credit Card,7912.06,2025-04,2025
ORD100489,C1198,2025-11-30,Desk,Furniture,2.0,11438.66,West,Pune,Net Banking,22877.32,2025-11,2025
ORD100490,C1086,2025-11-30,Air Fryer,Home Appliances,1.0,7283.19,North,Lucknow,UPI,7283.19,2025-11,2025
ORD100491,C1100,2025-08-31,Headphones,Electronics,3.0,3314.44,South,Vijayawada,Credit Card,9943.32,2025-08,2025
ORD100492,C1054,2025-12-06,Smartphone,Electronics,4.0,29681.32,West,Pune,Debit Card,118725.28,2025-12,2025
ORD100493,C1055,2025-09-09,Headphones,Electronics,2.0,3408.37,East,Kolkata,UPI,6816.74,2025-09,2025
ORD100494,C1036,2025-11-29,Keyboard,Accessories,3.0,1935.3,East,Kolkata,Credit Card,5805.9,2025-11,2025
ORD100495,C1201,2025-02-27,Smartphone,Electronics,1.0,27029.93,North,Jaipur,UPI,27029.93,2025-02,2025
ORD100496,C1178,2025-12-08,Smartwatch,Electronics,1.0,7482.27,West,Pune,Net Banking,7482.27,2025-12,2025
ORD100497,C1215,2025-03-05,Headphones,Electronics,2.0,3710.06,West,Ahmedabad,UPI,7420.12,2025-03,2025
ORD100498,C1022,2025-07-01,Coffee Maker,Home Appliances,1.0,6230.95,West,Mumbai,Credit Card,6230.95,2025-07,2025
ORD100499,C1109,2025-02-21,Air Fryer,Home Appliances,3.0,8201.71,West,Mumbai,Credit Card,24605.129999999997,2025-02,2025
ORD100500,C1343,2025-11-08,Air Fryer,Home Appliances,2.0,7438.19,North,Lucknow,UPI,14876.38,2025-11,2025
ORD100501,C1030,2025-01-26,Running Shoes,Fashion,1.0,4676.89,West,Surat,Debit Card,4676.89,2025-01,2025
ORD100502,C1103,2025-04-05,Running Shoes,Fashion,1.0,4680.6,South,Hyderabad,Net Banking,4680.6,2025-04,2025
ORD100503,C1332,2025-10-08,Desk,Furniture,1.0,12401.17,West,Surat,UPI,12401.17,2025-10,2025
ORD100504,C1166,2025-08-05,Backpack,Fashion,1.0,2285.3,South,Chennai,Credit Card,2285.3,2025-08,2025
ORD100505,C1211,2025-01-02,Headphones,Electronics,1.0,3701.42,South,Chennai,UPI,3701.42,2025-01,2025
ORD100506,C1345,2025-02-24,Desk,Furniture,1.0,11481.8,South,Vijayawada,Debit Card,11481.8,2025-02,2025
ORD100507,C1133,2025-11-24,T-Shirt,Fashion,1.0,1226.02,South,Hyderabad,Cash on Delivery,1226.02,2025-11,2025
ORD100508,C1162,2025-03-06,T-Shirt,Fashion,2.0,1291.28,North,Chandigarh,Debit Card,2582.56,2025-03,2025
ORD100509,C1227,2025-10-29,T-Shirt,Fashion,3.0,1122.73,South,Vijayawada,Debit Card,3368.19,2025-10,2025
ORD100510,C1076,2025-11-04,Running Shoes,Fashion,2.0,4249.2,North,Lucknow,UPI,8498.4,2025-11,2025
ORD100511,C1131,2025-04-27,Smartwatch,Electronics,1.0,7428.75,North,Lucknow,Credit Card,7428.75,2025-04,2025
ORD100512,C1006,2025-04-26,Air Fryer,Home Appliances,2.0,7735.68,South,Chennai,Cash on Delivery,15471.36,2025-04,2025
ORD100513,C1119,2025-08-29,Smartphone,Electronics,3.0,29822.5,West,Surat,Credit Card,89467.5,2025-08,2025
ORD100514,C1231,2025-04-02,Smartphone,Electronics,1.0,26270.3,South,Hyderabad,Debit Card,26270.3,2025-04,2025
ORD100515,C1192,2025-09-30,Mixer Grinder,Home Appliances,1.0,5161.41,South,Vijayawada,Net Banking,5161.41,2025-09,2025
ORD100516,C1163,2025-02-17,Mouse,Accessories,3.0,966.9,East,Ranchi,UPI,2900.7,2025-02,2025
ORD100517,C1334,2025-12-09,Smartwatch,Electronics,1.0,6630.33,North,Delhi,UPI,6630.33,2025-12,2025
ORD100518,C1117,2025-07-31,Laptop,Electronics,2.0,56548.97,West,Surat,Debit Card,113097.94,2025-07,2025
ORD100519,C1249,2025-05-18,Office Chair,Furniture,1.0,8167.05,East,Kolkata,Debit Card,8167.05,2025-05,2025
ORD100520,C1095,2025-10-24,Laptop,Electronics,1.0,56525.29,West,Pune,UPI,56525.29,2025-10,2025
ORD100521,C1067,2025-01-23,Running Shoes,Fashion,1.0,4467.01,South,Bengaluru,UPI,4467.01,2025-01,2025
ORD100522,C1150,2025-02-15,Keyboard,Accessories,2.0,1927.86,South,Hyderabad,Net Banking,3855.72,2025-02,2025
ORD100523,C1296,2025-07-28,Backpack,Fashion,2.0,2291.88,South,Bengaluru,UPI,4583.76,2025-07,2025
ORD100524,C1349,2025-06-20,Smartphone,Electronics,1.0,26535.15,North,Chandigarh,UPI,26535.15,2025-06,2025
ORD100525,C1301,2025-02-23,Keyboard,Accessories,2.0,1860.97,West,Surat,UPI,3721.94,2025-02,2025
ORD100526,C1066,2025-05-25,Mouse,Accessories,1.0,845.83,West,Mumbai,UPI,845.83,2025-05,2025
ORD100527,C1344,2025-10-11,Laptop,Electronics,4.0,53346.5,South,Bengaluru,Cash on Delivery,213386.0,2025-10,2025
ORD100528,C1034,2025-03-26,Bookshelf,Furniture,2.0,6698.27,West,Mumbai,UPI,13396.54,2025-03,2025
ORD100529,C1249,2025-03-05,Backpack,Fashion,5.0,2260.54,West,Mumbai,Cash on Delivery,11302.7,2025-03,2025
ORD100530,C1002,2025-09-12,Desk,Furniture,3.0,11740.18,South,Hyderabad,Credit Card,35220.54,2025-09,2025
ORD100531,C1021,2025-01-10,Running Shoes,Fashion,1.0,4265.12,South,Vijayawada,UPI,4265.12,2025-01,2025
ORD100532,C1069,2025-04-17,Bookshelf,Furniture,1.0,6279.85,East,Patna,UPI,6279.85,2025-04,2025
ORD100533,C1195,2025-04-04,Smartwatch,Electronics,2.0,6874.62,West,Ahmedabad,UPI,13749.24,2025-04,2025
ORD100534,C1321,2025-10-24,Backpack,Fashion,2.0,2348.8,East,Kolkata,Debit Card,4697.6,2025-10,2025
ORD100535,C1039,2025-03-19,Desk,Furniture,1.0,11160.14,North,Chandigarh,UPI,11160.14,2025-03,2025
ORD100536,C1052,2025-09-03,Running Shoes,Fashion,3.0,4564.95,West,Pune,Debit Card,13694.849999999999,2025-09,2025
ORD100537,C1096,2025-11-02,Smartwatch,Electronics,1.0,6810.27,South,Chennai,Net Banking,6810.27,2025-11,2025
ORD100538,C1238,2025-12-25,Laptop,Electronics,1.0,57708.94,West,Surat,UPI,57708.94,2025-12,2025
ORD100539,C1182,2025-02-18,Keyboard,Accessories,1.0,1688.29,North,Lucknow,UPI,1688.29,2025-02,2025
ORD100540,C1125,2025-03-30,Desk,Furniture,4.0,11586.94,South,Bengaluru,UPI,46347.76,2025-03,2025
ORD100541,C1041,2025-02-18,Running Shoes,Fashion,4.0,4355.95,West,Surat,Credit Card,17423.8,2025-02,2025
ORD100542,C1340,2025-02-14,Keyboard,Accessories,3.0,1792.1,East,Bhubaneswar,Credit Card,5376.299999999999,2025-02,2025
ORD100543,C1036,2025-02-02,Office Chair,Furniture,1.0,8913.44,North,Jaipur,UPI,8913.44,2025-02,2025
ORD100544,C1026,2025-04-19,Keyboard,Accessories,1.0,1856.48,South,Hyderabad,Credit Card,1856.48,2025-04,2025
ORD100545,C1334,2025-05-06,Mixer Grinder,Home Appliances,1.0,5419.16,South,Chennai,UPI,5419.16,2025-05,2025
ORD100546,C1247,2025-07-27,Bookshelf,Furniture,2.0,6718.32,West,Surat,Net Banking,13436.64,2025-07,2025
ORD100547,C1233,2025-08-20,Headphones,Electronics,1.0,3278.94,North,Jaipur,UPI,3278.94,2025-08,2025
ORD100548,C1220,2025-01-12,Laptop,Electronics,1.0,56220.83,South,Chennai,Credit Card,56220.83,2025-01,2025
ORD100549,C1203,2025-09-23,Laptop,Electronics,1.0,56940.04,North,Delhi,Credit Card,56940.04,2025-09,2025
ORD100550,C1168,2025-11-11,Smartwatch,Electronics,2.0,6996.62,East,Bhubaneswar,UPI,13993.24,2025-11,2025
ORD100551,C1252,2025-01-31,Headphones,Electronics,1.0,3779.67,South,Vijayawada,UPI,3779.67,2025-01,2025
ORD100552,C1327,2025-02-12,Air Fryer,Home Appliances,2.0,7265.31,South,Bengaluru,Cash on Delivery,14530.62,2025-02,2025
ORD100553,C1259,2025-03-12,Desk,Furniture,1.0,11162.83,West,Ahmedabad,UPI,11162.83,2025-03,2025
ORD100554,C1248,2025-10-19,Smartphone,Electronics,1.0,27704.48,South,Bengaluru,Net Banking,27704.48,2025-10,2025
ORD100555,C1178,2025-11-20,Backpack,Fashion,1.0,2322.77,East,Patna,UPI,2322.77,2025-11,2025
ORD100556,C1129,2025-06-14,Smartphone,Electronics,1.0,26847.18,South,Vijayawada,UPI,26847.18,2025-06,2025
ORD100557,C1120,2025-03-10,Mouse,Accessories,1.0,902.99,East,Patna,Net Banking,902.99,2025-03,2025
ORD100558,C1279,2025-10-30,Mouse,Accessories,2.0,924.75,South,Bengaluru,Credit Card,1849.5,2025-10,2025
ORD100559,C1014,2025-11-23,Air Fryer,Home Appliances,1.0,7320.89,North,Chandigarh,UPI,7320.89,2025-11,2025
ORD100560,C1238,2025-07-25,Smartwatch,Electronics,2.0,6978.28,North,Jaipur,Debit Card,13956.56,2025-07,2025
ORD100561,C1111,2025-02-15,Mixer Grinder,Home Appliances,2.0,5280.23,North,Jaipur,UPI,10560.46,2025-02,2025
ORD100562,C1313,2025-01-01,Backpack,Fashion,1.0,2179.25,West,Ahmedabad,UPI,2179.25,2025-01,2025
ORD100563,C1004,2025-08-12,Air Fryer,Home Appliances,2.0,7705.57,South,Vijayawada,Net Banking,15411.14,2025-08,2025
ORD100564,C1323,2025-06-26,Desk,Furniture,1.0,12703.25,East,Unknown,Credit Card,12703.25,2025-06,2025
ORD100565,C1154,2025-07-10,Desk,Furniture,2.0,12853.5,West,Mumbai,UPI,25707.0,2025-07,2025
ORD100566,C1260,2025-04-01,Air Fryer,Home Appliances,5.0,7211.37,West,Mumbai,Cash on Delivery,36056.85,2025-04,2025
ORD100567,C1025,2025-11-07,Mixer Grinder,Home Appliances,2.0,5323.11,South,Bengaluru,Net Banking,10646.22,2025-11,2025
ORD100568,C1181,2025-05-31,Office Chair,Furniture,3.0,8925.01,East,Patna,UPI,26775.03,2025-05,2025
ORD100569,C1179,2025-07-17,Air Fryer,Home Appliances,2.0,7343.2,South,Hyderabad,UPI,14686.4,2025-07,2025
ORD100570,C1021,2025-09-19,Desk,Furniture,2.0,12550.63,South,Chennai,Net Banking,25101.26,2025-09,2025
ORD100571,C1054,2025-05-07,Keyboard,Accessories,2.0,1771.95,North,Chandigarh,Credit Card,3543.9,2025-05,2025
ORD100572,C1197,2025-09-23,T-Shirt,Fashion,4.0,1261.75,East,Kolkata,Credit Card,5047.0,2025-09,2025
ORD100573,C1116,2025-12-28,Air Fryer,Home Appliances,1.0,7877.3,South,Vijayawada,UPI,7877.3,2025-12,2025
ORD100574,C1015,2025-01-18,Office Chair,Furniture,1.0,8075.49,West,Mumbai,UPI,8075.49,2025-01,2025
ORD100575,C1115,2025-04-07,Smartphone,Electronics,2.0,29149.33,South,Vijayawada,Net Banking,58298.66,2025-04,2025
ORD100576,C1347,2025-02-28,Laptop,Electronics,1.0,50908.8,North,Lucknow,Debit Card,50908.8,2025-02,2025
ORD100577,C1158,2025-04-04,Keyboard,Accessories,1.0,1884.05,East,Ranchi,Debit Card,1884.05,2025-04,2025
ORD100578,C1217,2025-01-26,Mouse,Accessories,2.0,942.19,South,Bengaluru,UPI,1884.38,2025-01,2025
ORD100579,C1194,2025-10-17,Desk,Furniture,1.0,11898.48,East,Bhubaneswar,Credit Card,11898.48,2025-10,2025
ORD100580,C1327,2025-03-05,Mouse,Accessories,3.0,958.9,North,Lucknow,Credit Card,2876.7,2025-03,2025
ORD100581,C1245,2025-07-19,Keyboard,Accessories,3.0,1818.14,West,Pune,Debit Card,5454.42,2025-07,2025
ORD100582,C1206,2025-04-18,Smartwatch,Electronics,1.0,6998.18,West,Ahmedabad,UPI,6998.18,2025-04,2025
ORD100583,C1251,2025-03-26,Bookshelf,Furniture,1.0,6829.01,West,Surat,Debit Card,6829.01,2025-03,2025
ORD100584,C1001,2025-05-21,Mouse,Accessories,1.0,910.15,East,Bhubaneswar,Debit Card,910.15,2025-05,2025
ORD100585,C1239,2025-08-12,Bookshelf,Furniture,1.0,6822.33,West,Ahmedabad,UPI,6822.33,2025-08,2025
ORD100586,C1322,2025-06-12,Desk,Furniture,5.0,12904.82,West,Surat,Debit Card,64524.1,2025-06,2025
ORD100587,C1183,2025-07-12,Air Fryer,Home Appliances,2.0,8131.19,South,Hyderabad,Net Banking,16262.38,2025-07,2025
ORD100588,C1039,2025-09-05,Mixer Grinder,Home Appliances,2.0,5143.69,North,Delhi,UPI,10287.38,2025-09,2025
ORD100589,C1166,2025-01-10,Mouse,Accessories,1.0,830.37,North,Chandigarh,UPI,830.37,2025-01,2025
ORD100590,C1055,2025-10-24,Running Shoes,Fashion,1.0,4566.37,West,Ahmedabad,UPI,4566.37,2025-10,2025
ORD100591,C1116,2025-02-19,Mouse,Accessories,3.0,860.44,North,Chandigarh,Credit Card,2581.32,2025-02,2025
ORD100592,C1303,2025-06-17,Office Chair,Furniture,1.0,8978.67,East,Bhubaneswar,Credit Card,8978.67,2025-06,2025
ORD100593,C1175,2025-12-09,Keyboard,Accessories,1.0,1886.14,North,Jaipur,Cash on Delivery,1886.14,2025-12,2025
ORD100594,C1317,2025-01-28,Desk,Furniture,2.0,12007.55,North,Lucknow,UPI,24015.1,2025-01,2025
ORD100595,C1294,2025-07-26,Keyboard,Accessories,3.0,1795.08,East,Ranchi,UPI,5385.24,2025-07,2025
ORD100596,C1113,2025-04-13,Headphones,Electronics,1.0,3469.61,South,Vijayawada,Credit Card,3469.61,2025-04,2025
ORD100597,C1269,2025-01-17,Headphones,Electronics,2.0,3261.28,South,Vijayawada,Debit Card,6522.56,2025-01,2025
ORD100598,C1137,2025-12-29,Running Shoes,Fashion,4.0,4716.51,West,Pune,Credit Card,18866.04,2025-12,2025
ORD100599,C1283,2025-03-25,Coffee Maker,Home Appliances,3.0,6321.19,South,Vijayawada,UPI,18963.57,2025-03,2025
ORD100600,C1333,2025-04-24,Smartwatch,Electronics,3.0,7428.79,East,Kolkata,Credit Card,22286.37,2025-04,2025
ORD100601,C1328,2025-06-10,T-Shirt,Fashion,2.0,1146.25,South,Chennai,UPI,2292.5,2025-06,2025
ORD100602,C1230,2025-05-11,Desk,Furniture,1.0,11473.49,South,Bengaluru,UPI,11473.49,2025-05,2025
ORD100603,C1128,2025-06-10,Desk,Furniture,2.0,12373.5,East,Patna,UPI,24747.0,2025-06,2025
ORD100604,C1158,2025-09-23,Mixer Grinder,Home Appliances,2.0,5014.89,East,Bhubaneswar,Net Banking,10029.78,2025-09,2025
ORD100605,C1225,2025-11-30,Office Chair,Furniture,3.0,8734.52,West,Ahmedabad,UPI,26203.56,2025-11,2025
ORD100606,C1207,2025-06-22,Smartwatch,Electronics,2.0,6905.57,East,Kolkata,UPI,13811.14,2025-06,2025
ORD100607,C1097,2025-08-24,Backpack,Fashion,3.0,2212.1,South,Vijayawada,UPI,6636.299999999999,2025-08,2025
ORD100608,C1123,2025-04-12,Smartphone,Electronics,1.0,29146.33,South,Vijayawada,Credit Card,29146.33,2025-04,2025
ORD100609,C1109,2025-11-29,Keyboard,Accessories,1.0,1716.54,East,Kolkata,UPI,1716.54,2025-11,2025
ORD100610,C1308,2025-09-04,Coffee Maker,Home Appliances,1.0,6413.73,South,Chennai,UPI,6413.73,2025-09,2025
ORD100611,C1085,2025-05-24,Smartwatch,Electronics,3.0,7200.98,East,Kolkata,Credit Card,21602.94,2025-05,2025
ORD100612,C1126,2025-11-19,Mouse,Accessories,1.0,910.92,South,Bengaluru,Credit Card,910.92,2025-11,2025
ORD100613,C1113,2025-05-17,Coffee Maker,Home Appliances,3.0,6893.45,North,Jaipur,Credit Card,20680.35,2025-05,2025
ORD100614,C1149,2025-12-28,Keyboard,Accessories,2.0,1705.25,South,Chennai,Credit Card,3410.5,2025-12,2025
ORD100615,C1216,2025-08-10,Smartphone,Electronics,1.0,30026.24,South,Bengaluru,Credit Card,30026.24,2025-08,2025
ORD100616,C1264,2025-03-28,T-Shirt,Fashion,1.0,1208.17,West,Mumbai,Credit Card,1208.17,2025-03,2025
ORD100617,C1310,2025-09-30,Keyboard,Accessories,1.0,1779.85,South,Chennai,UPI,1779.85,2025-09,2025
ORD100618,C1116,2025-08-30,Office Chair,Furniture,1.0,8028.22,West,Ahmedabad,Debit Card,8028.22,2025-08,2025
ORD100619,C1348,2025-12-16,Mixer Grinder,Home Appliances,3.0,5414.97,West,Pune,Debit Card,16244.91,2025-12,2025
ORD100620,C1328,2025-10-23,Air Fryer,Home Appliances,2.0,8176.65,East,Ranchi,Credit Card,16353.3,2025-10,2025
ORD100621,C1287,2025-09-21,Headphones,Electronics,3.0,3461.56,North,Lucknow,Debit Card,10384.68,2025-09,2025
ORD100622,C1328,2025-07-18,Mixer Grinder,Home Appliances,2.0,5413.76,South,Vijayawada,Net Banking,10827.52,2025-07,2025
ORD100623,C1090,2025-03-22,Office Chair,Furniture,1.0,9145.95,West,Ahmedabad,Debit Card,9145.95,2025-03,2025
ORD100624,C1300,2025-01-10,Bookshelf,Furniture,1.0,6176.52,North,Chandigarh,Credit Card,6176.52,2025-01,2025
ORD100625,C1109,2025-10-06,Laptop,Electronics,1.0,58312.27,West,Mumbai,UPI,58312.27,2025-10,2025
ORD100626,C1163,2025-08-19,Mixer Grinder,Home Appliances,1.0,5409.09,North,Delhi,UPI,5409.09,2025-08,2025
ORD100627,C1346,2025-02-25,Desk,Furniture,4.0,11356.95,South,Chennai,UPI,45427.8,2025-02,2025
ORD100628,C1180,2025-11-01,Office Chair,Furniture,1.0,8894.44,South,Bengaluru,UPI,8894.44,2025-11,2025
ORD100629,C1239,2025-05-27,Smartwatch,Electronics,4.0,7516.61,West,Ahmedabad,Net Banking,30066.44,2025-05,2025
ORD100630,C1266,2025-10-23,Desk,Furniture,2.0,11190.26,North,Chandigarh,Cash on Delivery,22380.52,2025-10,2025
ORD100631,C1184,2025-05-11,Running Shoes,Fashion,4.0,4302.86,East,Kolkata,Cash on Delivery,17211.44,2025-05,2025
ORD100632,C1078,2025-01-05,Headphones,Electronics,1.0,3610.96,South,Vijayawada,UPI,3610.96,2025-01,2025
ORD100633,C1228,2025-07-18,Laptop,Electronics,2.0,56347.19,South,Bengaluru,Debit Card,112694.38,2025-07,2025
ORD100634,C1110,2025-01-29,Running Shoes,Fashion,1.0,4288.77,South,Chennai,UPI,4288.77,2025-01,2025
ORD100635,C1328,2025-08-14,Keyboard,Accessories,2.0,1837.32,South,Bengaluru,Debit Card,3674.64,2025-08,2025
ORD100636,C1151,2025-09-20,Bookshelf,Furniture,2.0,6044.06,South,Hyderabad,Credit Card,12088.12,2025-09,2025
ORD100637,C1269,2025-08-20,Bookshelf,Furniture,2.0,6854.58,South,Chennai,Debit Card,13709.16,2025-08,2025
ORD100638,C1095,2025-04-15,Smartphone,Electronics,2.0,28201.52,South,Hyderabad,UPI,56403.04,2025-04,2025
ORD100639,C1145,2025-10-14,Mixer Grinder,Home Appliances,1.0,5300.61,West,Surat,Credit Card,5300.61,2025-10,2025
ORD100640,C1279,2025-10-05,Keyboard,Accessories,2.0,1667.5,North,Jaipur,UPI,3335.0,2025-10,2025
ORD100641,C1336,2025-01-16,Mouse,Accessories,2.0,915.57,West,Ahmedabad,Credit Card,1831.14,2025-01,2025
ORD100642,C1149,2025-07-13,Mouse,Accessories,1.0,868.8,West,Ahmedabad,UPI,868.8,2025-07,2025
ORD100643,C1282,2025-05-19,Bookshelf,Furniture,2.0,6208.69,North,Jaipur,Credit Card,12417.38,2025-05,2025
ORD100644,C1237,2025-11-20,T-Shirt,Fashion,1.0,1109.42,South,Hyderabad,UPI,1109.42,2025-11,2025
ORD100645,C1218,2025-03-02,Smartwatch,Electronics,2.0,6728.27,South,Vijayawada,Credit Card,13456.54,2025-03,2025
ORD100646,C1350,2025-08-01,Headphones,Electronics,1.0,3287.13,South,Chennai,Credit Card,3287.13,2025-08,2025
ORD100647,C1252,2025-05-11,Smartwatch,Electronics,1.0,6908.82,East,Kolkata,Net Banking,6908.82,2025-05,2025
ORD100648,C1346,2025-07-31,Desk,Furniture,5.0,11115.49,North,Lucknow,Net Banking,55577.45,2025-07,2025
ORD100649,C1181,2025-06-26,Mixer Grinder,Home Appliances,1.0,5335.88,South,Vijayawada,Credit Card,5335.88,2025-06,2025
ORD100650,C1047,2025-11-15,Mixer Grinder,Home Appliances,1.0,5116.86,West,Surat,UPI,5116.86,2025-11,2025
ORD100651,C1132,2025-02-08,Office Chair,Furniture,2.0,8541.27,East,Kolkata,Debit Card,17082.54,2025-02,2025
ORD100652,C1179,2025-02-27,Smartphone,Electronics,2.0,29433.09,East,Ranchi,Credit Card,58866.18,2025-02,2025
ORD100653,C1182,2025-05-28,Mixer Grinder,Home Appliances,1.0,5037.69,North,Chandigarh,Credit Card,5037.69,2025-05,2025
ORD100654,C1122,2025-03-05,Mouse,Accessories,1.0,952.83,North,Lucknow,Cash on Delivery,952.83,2025-03,2025
ORD100655,C1049,2025-02-06,Laptop,Electronics,2.0,57892.1,West,Mumbai,Net Banking,115784.2,2025-02,2025
ORD100656,C1174,2025-08-10,Running Shoes,Fashion,2.0,4165.94,West,Ahmedabad,UPI,8331.88,2025-08,2025
ORD100657,C1026,2025-05-12,Office Chair,Furniture,1.0,7946.78,West,Pune,UPI,7946.78,2025-05,2025
ORD100658,C1074,2025-04-28,Mixer Grinder,Home Appliances,1.0,5517.59,West,Mumbai,UPI,5517.59,2025-04,2025
ORD100659,C1331,2025-08-19,Air Fryer,Home Appliances,1.0,8372.86,South,Vijayawada,Debit Card,8372.86,2025-08,2025
ORD100660,C1038,2025-09-01,Smartphone,Electronics,5.0,30002.18,West,Mumbai,Credit Card,150010.9,2025-09,2025
ORD100661,C1121,2025-12-07,Mouse,Accessories,2.0,867.43,South,Chennai,UPI,1734.86,2025-12,2025
ORD100662,C1334,2025-08-18,Office Chair,Furniture,1.0,8014.95,South,Chennai,UPI,8014.95,2025-08,2025
ORD100663,C1020,2025-11-28,Bookshelf,Furniture,1.0,6190.4,South,Hyderabad,UPI,6190.4,2025-11,2025
ORD100664,C1204,2025-01-20,T-Shirt,Fashion,1.0,1188.68,West,Pune,UPI,1188.68,2025-01,2025
ORD100665,C1347,2025-01-24,Laptop,Electronics,1.0,54707.43,South,Chennai,Cash on Delivery,54707.43,2025-01,2025
ORD100666,C1084,2025-01-03,Air Fryer,Home Appliances,1.0,7579.82,North,Chandigarh,UPI,7579.82,2025-01,2025
ORD100667,C1251,2025-08-24,T-Shirt,Fashion,1.0,1138.63,North,Delhi,UPI,1138.63,2025-08,2025
ORD100668,C1174,2025-01-25,Bookshelf,Furniture,2.0,6171.5,South,Vijayawada,UPI,12343.0,2025-01,2025
ORD100669,C1326,2025-03-11,Office Chair,Furniture,1.0,8054.42,West,Mumbai,UPI,8054.42,2025-03,2025
ORD100670,C1031,2025-12-18,Office Chair,Furniture,1.0,8435.77,North,Lucknow,Debit Card,8435.77,2025-12,2025
ORD100671,C1279,2025-09-25,Air Fryer,Home Appliances,1.0,8302.16,South,Bengaluru,Cash on Delivery,8302.16,2025-09,2025
ORD100672,C1179,2025-05-23,Office Chair,Furniture,1.0,9051.05,West,Ahmedabad,UPI,9051.05,2025-05,2025
ORD100673,C1110,2025-08-28,Coffee Maker,Home Appliances,1.0,6388.43,North,Lucknow,Net Banking,6388.43,2025-08,2025
ORD100674,C1048,2025-09-11,Desk,Furniture,1.0,12486.72,East,Bhubaneswar,Cash on Delivery,12486.72,2025-09,2025
ORD100675,C1129,2025-05-03,Coffee Maker,Home Appliances,1.0,6255.68,South,Chennai,Debit Card,6255.68,2025-05,2025
ORD100676,C1290,2025-08-27,Office Chair,Furniture,2.0,8430.09,West,Surat,Net Banking,16860.18,2025-08,2025
ORD100677,C1339,2025-06-27,Headphones,Electronics,1.0,3668.04,East,Bhubaneswar,Debit Card,3668.04,2025-06,2025
ORD100678,C1099,2025-08-28,Coffee Maker,Home Appliances,1.0,6800.71,West,Mumbai,Debit Card,6800.71,2025-08,2025
ORD100679,C1147,2025-08-08,Mixer Grinder,Home Appliances,1.0,5322.4,South,Vijayawada,UPI,5322.4,2025-08,2025
ORD100680,C1055,2025-01-22,Smartphone,Electronics,2.0,28331.45,North,Delhi,Credit Card,56662.9,2025-01,2025
ORD100681,C1190,2025-06-20,Headphones,Electronics,2.0,3393.41,South,Chennai,Cash on Delivery,6786.82,2025-06,2025
ORD100682,C1036,2025-06-24,Keyboard,Accessories,1.0,1707.3,West,Ahmedabad,Debit Card,1707.3,2025-06,2025
ORD100683,C1207,2025-03-20,Backpack,Fashion,1.0,2137.77,South,Vijayawada,Debit Card,2137.77,2025-03,2025
ORD100684,C1196,2025-06-10,Mouse,Accessories,1.0,922.86,East,Patna,UPI,922.86,2025-06,2025
ORD100685,C1321,2025-08-04,Keyboard,Accessories,2.0,1865.63,South,Vijayawada,Credit Card,3731.26,2025-08,2025
ORD100686,C1269,2025-05-04,Keyboard,Accessories,2.0,1800.09,East,Bhubaneswar,UPI,3600.18,2025-05,2025
ORD100687,C1333,2025-09-14,Air Fryer,Home Appliances,1.0,7779.47,East,Patna,Debit Card,7779.47,2025-09,2025
ORD100688,C1182,2025-01-15,Backpack,Fashion,5.0,2077.7,North,Chandigarh,Credit Card,10388.5,2025-01,2025
ORD100689,C1150,2025-01-19,Backpack,Fashion,2.0,2244.64,East,Ranchi,Credit Card,4489.28,2025-01,2025
ORD100690,C1249,2025-10-04,Headphones,Electronics,2.0,3699.34,South,Hyderabad,Debit Card,7398.68,2025-10,2025
ORD100691,C1167,2025-07-06,Running Shoes,Fashion,1.0,4415.76,North,Jaipur,UPI,4415.76,2025-07,2025
ORD100692,C1088,2025-12-26,Laptop,Electronics,1.0,54257.97,West,Mumbai,Credit Card,54257.97,2025-12,2025
ORD100693,C1318,2025-05-30,Keyboard,Accessories,2.0,1657.82,North,Jaipur,UPI,3315.64,2025-05,2025
ORD100694,C1302,2025-07-12,T-Shirt,Fashion,2.0,1157.8,South,Chennai,Credit Card,2315.6,2025-07,2025
ORD100695,C1188,2025-05-26,Headphones,Electronics,1.0,3446.33,South,Hyderabad,Credit Card,3446.33,2025-05,2025
ORD100696,C1277,2025-09-18,Air Fryer,Home Appliances,5.0,7544.23,West,Surat,Credit Card,37721.149999999994,2025-09,2025
ORD100697,C1255,2025-03-08,Mouse,Accessories,2.0,957.43,East,Patna,UPI,1914.86,2025-03,2025
ORD100698,C1037,2025-08-27,Air Fryer,Home Appliances,4.0,8182.93,North,Lucknow,UPI,32731.72,2025-08,2025
ORD100699,C1194,2025-12-30,Headphones,Electronics,1.0,3625.26,North,Delhi,Net Banking,3625.26,2025-12,2025
ORD100700,C1062,2025-09-03,Air Fryer,Home Appliances,1.0,8279.99,North,Jaipur,UPI,8279.99,2025-09,2025
ORD100701,C1262,2025-01-11,T-Shirt,Fashion,1.0,1221.97,East,Kolkata,Debit Card,1221.97,2025-01,2025
ORD100702,C1245,2025-10-06,Smartwatch,Electronics,1.0,6666.78,South,Bengaluru,UPI,6666.78,2025-10,2025
ORD100703,C1238,2025-01-31,Laptop,Electronics,2.0,52232.61,South,Chennai,UPI,104465.22,2025-01,2025
ORD100704,C1118,2025-09-30,Headphones,Electronics,1.0,3227.89,West,Surat,UPI,3227.89,2025-09,2025
ORD100705,C1195,2025-12-18,Mixer Grinder,Home Appliances,2.0,4930.81,East,Kolkata,UPI,9861.62,2025-12,2025
ORD100706,C1024,2025-09-16,Coffee Maker,Home Appliances,2.0,6783.92,South,Vijayawada,UPI,13567.84,2025-09,2025
ORD100707,C1275,2025-08-20,Desk,Furniture,2.0,12298.19,East,Bhubaneswar,Net Banking,24596.38,2025-08,2025
ORD100708,C1300,2025-06-17,Headphones,Electronics,2.0,3367.47,North,Jaipur,UPI,6734.94,2025-06,2025
ORD100709,C1066,2025-02-25,Bookshelf,Furniture,1.0,6135.83,East,Kolkata,Credit Card,6135.83,2025-02,2025
ORD100710,C1335,2025-07-03,Laptop,Electronics,1.0,54693.48,South,Vijayawada,UPI,54693.48,2025-07,2025
ORD100711,C1241,2025-12-06,Backpack,Fashion,1.0,2311.57,East,Ranchi,Credit Card,2311.57,2025-12,2025
ORD100712,C1350,2025-07-05,Keyboard,Accessories,3.0,1874.0,East,Bhubaneswar,Credit Card,5622.0,2025-07,2025
ORD100713,C1142,2025-07-05,Smartphone,Electronics,1.0,25948.46,East,Ranchi,Net Banking,25948.46,2025-07,2025
ORD100714,C1216,2025-02-16,Air Fryer,Home Appliances,1.0,7619.49,West,Pune,UPI,7619.49,2025-02,2025
ORD100715,C1348,2025-07-31,Laptop,Electronics,3.0,52504.23,South,Vijayawada,Credit Card,157512.69,2025-07,2025
ORD100716,C1284,2025-07-09,Headphones,Electronics,1.0,3550.34,South,Bengaluru,Credit Card,3550.34,2025-07,2025
ORD100717,C1166,2025-10-27,Smartwatch,Electronics,2.0,7210.63,West,Pune,Debit Card,14421.26,2025-10,2025
ORD100718,C1194,2025-05-23,Headphones,Electronics,1.0,3290.35,North,Chandigarh,UPI,3290.35,2025-05,2025
ORD100719,C1091,2025-03-26,Coffee Maker,Home Appliances,2.0,6809.96,West,Surat,Net Banking,13619.92,2025-03,2025
ORD100720,C1299,2025-01-08,Keyboard,Accessories,4.0,1882.9,West,Mumbai,Credit Card,7531.6,2025-01,2025
ORD100721,C1071,2025-10-26,Backpack,Fashion,2.0,2044.74,North,Chandigarh,Credit Card,4089.48,2025-10,2025
ORD100722,C1036,2025-12-10,Keyboard,Accessories,3.0,1921.06,West,Mumbai,Cash on Delivery,5763.18,2025-12,2025
ORD100723,C1007,2025-04-05,Keyboard,Accessories,3.0,1676.25,North,Delhi,UPI,5028.75,2025-04,2025
ORD100724,C1199,2025-09-07,Coffee Maker,Home Appliances,1.0,6109.59,East,Patna,UPI,6109.59,2025-09,2025
ORD100725,C1182,2025-09-23,Backpack,Fashion,2.0,2332.77,East,Patna,Net Banking,4665.54,2025-09,2025
ORD100726,C1313,2025-06-29,Backpack,Fashion,2.0,2042.29,South,Bengaluru,Debit Card,4084.58,2025-06,2025
ORD100727,C1085,2025-09-17,Mixer Grinder,Home Appliances,1.0,5401.09,South,Vijayawada,Credit Card,5401.09,2025-09,2025
ORD100728,C1167,2025-05-21,Air Fryer,Home Appliances,2.0,7323.43,East,Patna,Credit Card,14646.86,2025-05,2025
ORD100729,Unknown,2025-05-29,Office Chair,Furniture,1.0,7981.61,North,Delhi,UPI,7981.61,2025-05,2025
ORD100730,C1314,2025-09-22,Bookshelf,Furniture,2.0,6183.05,South,Hyderabad,UPI,12366.1,2025-09,2025
ORD100731,C1295,2025-02-08,Bookshelf,Furniture,1.0,6470.47,South,Hyderabad,Net Banking,6470.47,2025-02,2025
ORD100732,C1071,2025-07-16,Desk,Furniture,2.0,12157.44,South,Chennai,Debit Card,24314.88,2025-07,2025
ORD100733,C1064,2025-08-12,Smartwatch,Electronics,1.0,6931.79,West,Ahmedabad,Debit Card,6931.79,2025-08,2025
ORD100734,C1007,2025-07-05,Mouse,Accessories,3.0,935.51,West,Mumbai,UPI,2806.5299999999997,2025-07,2025
ORD100735,C1307,2025-05-16,Coffee Maker,Home Appliances,4.0,6370.63,West,Pune,UPI,25482.52,2025-05,2025
ORD100736,C1090,2025-08-18,Desk,Furniture,2.0,11329.25,South,Chennai,Debit Card,22658.5,2025-08,2025
ORD100737,C1107,2025-04-15,Bookshelf,Furniture,1.0,6511.09,South,Hyderabad,UPI,6511.09,2025-04,2025
ORD100738,C1066,2025-07-18,Desk,Furniture,2.0,11768.19,South,Hyderabad,UPI,23536.38,2025-07,2025
ORD100739,C1291,2025-10-20,Headphones,Electronics,1.0,3725.09,South,Bengaluru,UPI,3725.09,2025-10,2025
ORD100740,C1104,2025-04-23,Coffee Maker,Home Appliances,3.0,6225.74,West,Ahmedabad,UPI,18677.22,2025-04,2025
ORD100741,C1039,2025-07-24,Office Chair,Furniture,3.0,9060.3,South,Bengaluru,Credit Card,27180.899999999998,2025-07,2025
ORD100742,C1295,2025-02-17,T-Shirt,Fashion,2.0,1107.89,North,Jaipur,Cash on Delivery,2215.78,2025-02,2025
ORD100743,C1053,2025-09-06,Running Shoes,Fashion,2.0,4380.68,West,Ahmedabad,Credit Card,8761.36,2025-09,2025
ORD100744,C1115,2025-05-11,Keyboard,Accessories,1.0,1775.45,East,Kolkata,Cash on Delivery,1775.45,2025-05,2025
ORD100745,C1348,2025-12-31,Running Shoes,Fashion,1.0,4614.14,South,Bengaluru,UPI,4614.14,2025-12,2025
ORD100746,C1174,2025-12-09,Smartphone,Electronics,2.0,25941.44,South,Vijayawada,Debit Card,51882.88,2025-12,2025
ORD100747,C1161,2025-06-13,Mouse,Accessories,3.0,967.7,South,Hyderabad,Debit Card,2903.1000000000004,2025-06,2025
ORD100748,C1272,2025-04-30,Air Fryer,Home Appliances,3.0,7525.69,South,Vijayawada,UPI,22577.07,2025-04,2025
ORD100749,C1349,2025-03-19,Coffee Maker,Home Appliances,2.0,6864.45,North,Jaipur,UPI,13728.9,2025-03,2025
ORD100750,C1300,2025-03-21,Laptop,Electronics,1.0,54946.41,North,Jaipur,Debit Card,54946.41,2025-03,2025
ORD100751,C1046,2025-01-03,Office Chair,Furniture,2.0,8446.14,North,Delhi,Credit Card,16892.28,2025-01,2025
ORD100752,C1207,2025-10-02,Coffee Maker,Home Appliances,2.0,6314.26,South,Chennai,Credit Card,12628.52,2025-10,2025
ORD100753,C1151,2025-08-24,Mixer Grinder,Home Appliances,1.0,5033.87,South,Vijayawada,UPI,5033.87,2025-08,2025
ORD100754,C1271,2025-12-16,Running Shoes,Fashion,1.0,4437.94,South,Vijayawada,Net Banking,4437.94,2025-12,2025
ORD100755,C1083,2025-11-03,Office Chair,Furniture,2.0,8746.69,North,Lucknow,Credit Card,17493.38,2025-11,2025
ORD100756,C1177,2025-07-03,T-Shirt,Fashion,2.0,1196.44,South,Vijayawada,UPI,2392.88,2025-07,2025
ORD100757,C1018,2025-12-03,Laptop,Electronics,1.0,53821.73,East,Patna,UPI,53821.73,2025-12,2025
ORD100758,C1344,2025-09-15,Office Chair,Furniture,1.0,8193.83,North,Chandigarh,UPI,8193.83,2025-09,2025
ORD100759,C1001,2025-03-27,Smartphone,Electronics,1.0,28821.08,South,Hyderabad,Debit Card,28821.08,2025-03,2025
ORD100760,C1009,2025-05-25,Mouse,Accessories,2.0,932.27,West,Pune,Debit Card,1864.54,2025-05,2025
ORD100761,C1057,2025-02-06,Running Shoes,Fashion,1.0,4725.74,South,Vijayawada,Debit Card,4725.74,2025-02,2025
ORD100762,C1107,2025-07-02,Bookshelf,Furniture,2.0,6578.91,South,Vijayawada,Net Banking,13157.82,2025-07,2025
ORD100763,C1288,2025-04-23,Mixer Grinder,Home Appliances,3.0,4942.61,North,Delhi,UPI,14827.829999999998,2025-04,2025
ORD100764,C1298,2025-12-12,Mixer Grinder,Home Appliances,2.0,5441.78,South,Chennai,Cash on Delivery,10883.56,2025-12,2025
ORD100765,C1226,2025-01-27,T-Shirt,Fashion,2.0,1279.25,West,Ahmedabad,Net Banking,2558.5,2025-01,2025
ORD100766,C1074,2025-05-28,Mixer Grinder,Home Appliances,2.0,4952.66,North,Delhi,Cash on Delivery,9905.32,2025-05,2025
ORD100767,C1219,2025-06-15,Air Fryer,Home Appliances,1.0,7671.93,South,Chennai,Cash on Delivery,7671.93,2025-06,2025
ORD100768,C1301,2025-12-09,Running Shoes,Fashion,2.0,4371.72,West,Surat,UPI,8743.44,2025-12,2025
ORD100769,C1237,2025-01-27,T-Shirt,Fashion,3.0,1162.3,East,Unknown,Credit Card,3486.8999999999996,2025-01,2025
ORD100770,C1157,2025-07-23,Mixer Grinder,Home Appliances,1.0,5241.03,South,Chennai,Credit Card,5241.03,2025-07,2025
ORD100771,C1039,2025-07-04,Keyboard,Accessories,2.0,1915.08,East,Kolkata,Debit Card,3830.16,2025-07,2025
ORD100772,C1096,2025-05-14,Keyboard,Accessories,1.0,1732.33,South,Vijayawada,Credit Card,1732.33,2025-05,2025
ORD100773,C1120,2025-11-08,Running Shoes,Fashion,2.0,4178.18,South,Chennai,Debit Card,8356.36,2025-11,2025
ORD100774,C1166,2025-01-06,Headphones,Electronics,1.0,3220.52,South,Bengaluru,UPI,3220.52,2025-01,2025
ORD100775,C1109,2025-10-02,Mouse,Accessories,4.0,858.97,East,Bhubaneswar,Credit Card,3435.88,2025-10,2025
ORD100776,C1146,2025-08-31,Smartwatch,Electronics,1.0,6579.38,East,Ranchi,Net Banking,6579.38,2025-08,2025
ORD100777,C1241,2025-04-16,Office Chair,Furniture,2.0,8031.72,South,Vijayawada,Net Banking,16063.44,2025-04,2025
ORD100778,C1284,2025-08-23,Office Chair,Furniture,2.0,8375.58,South,Chennai,UPI,16751.16,2025-08,2025
ORD100779,C1013,2025-12-29,Mouse,Accessories,1.0,872.13,South,Vijayawada,UPI,872.13,2025-12,2025
ORD100780,C1028,2025-09-14,Laptop,Electronics,1.0,51764.99,South,Hyderabad,Net Banking,51764.99,2025-09,2025
ORD100781,C1349,2025-10-10,T-Shirt,Fashion,2.0,1245.53,South,Vijayawada,UPI,2491.06,2025-10,2025
ORD100782,C1166,2025-01-02,Laptop,Electronics,3.0,57011.62,North,Jaipur,UPI,171034.86000000002,2025-01,2025
ORD100783,C1141,2025-06-03,Office Chair,Furniture,1.0,8729.28,East,Patna,Credit Card,8729.28,2025-06,2025
ORD100784,C1120,2025-10-06,Smartwatch,Electronics,5.0,6937.69,West,Ahmedabad,UPI,34688.45,2025-10,2025
ORD100785,C1059,2025-06-10,Smartwatch,Electronics,1.0,6919.24,South,Bengaluru,UPI,6919.24,2025-06,2025
ORD100786,C1199,2025-06-10,Desk,Furniture,2.0,12770.27,South,Vijayawada,UPI,25540.54,2025-06,2025
ORD100787,C1157,2025-06-02,Mixer Grinder,Home Appliances,2.0,4907.65,West,Pune,Credit Card,9815.3,2025-06,2025
ORD100788,C1282,2025-09-17,Coffee Maker,Home Appliances,1.0,6330.07,West,Pune,UPI,6330.07,2025-09,2025
ORD100789,C1121,2025-02-15,Laptop,Electronics,1.0,58661.96,North,Lucknow,UPI,58661.96,2025-02,2025
ORD100790,C1046,2025-05-07,Air Fryer,Home Appliances,2.0,7237.82,West,Surat,Debit Card,14475.64,2025-05,2025
ORD100791,C1026,2025-07-21,Backpack,Fashion,2.0,2124.65,South,Bengaluru,UPI,4249.3,2025-07,2025
ORD100792,C1069,2025-12-02,Desk,Furniture,3.0,11252.74,West,Pune,Credit Card,33758.22,2025-12,2025
ORD100793,C1146,2025-06-23,Laptop,Electronics,4.0,55395.05,North,Jaipur,Cash on Delivery,221580.2,2025-06,2025
ORD100794,C1323,2025-06-25,Office Chair,Furniture,2.0,8505.11,East,Kolkata,Credit Card,17010.22,2025-06,2025
ORD100795,C1076,2025-09-27,Headphones,Electronics,2.0,3539.0,South,Chennai,Debit Card,7078.0,2025-09,2025
ORD100796,C1003,2025-12-13,Laptop,Electronics,1.0,54529.91,North,Lucknow,UPI,54529.91,2025-12,2025
ORD100797,C1109,2025-07-21,Desk,Furniture,1.0,12298.54,South,Chennai,Cash on Delivery,12298.54,2025-07,2025
ORD100798,C1112,2025-03-01,Air Fryer,Home Appliances,4.0,8259.29,West,Surat,Debit Card,33037.16,2025-03,2025
ORD100799,C1096,2025-10-03,Mouse,Accessories,1.0,830.42,West,Mumbai,Cash on Delivery,830.42,2025-10,2025
ORD100800,C1295,2025-09-05,Desk,Furniture,1.0,11960.09,South,Chennai,Debit Card,11960.09,2025-09,2025
ORD100801,C1286,2025-06-22,Backpack,Fashion,1.0,2186.85,South,Chennai,Debit Card,2186.85,2025-06,2025
ORD100802,C1182,2025-03-07,Smartphone,Electronics,1.0,28353.99,West,Pune,Debit Card,28353.99,2025-03,2025
ORD100803,C1083,2025-03-22,Mixer Grinder,Home Appliances,1.0,4797.24,East,Patna,Credit Card,4797.24,2025-03,2025
ORD100804,C1233,2025-06-22,Bookshelf,Furniture,2.0,6265.63,North,Lucknow,Debit Card,12531.26,2025-06,2025
ORD100805,C1276,2025-11-04,Bookshelf,Furniture,1.0,6410.55,North,Jaipur,Net Banking,6410.55,2025-11,2025
ORD100806,C1117,2025-03-06,Headphones,Electronics,2.0,3634.48,South,Hyderabad,Net Banking,7268.96,2025-03,2025
ORD100807,C1308,2025-01-06,Air Fryer,Home Appliances,1.0,7370.7,South,Bengaluru,Credit Card,7370.7,2025-01,2025
ORD100808,C1049,2025-08-04,Running Shoes,Fashion,1.0,4357.05,North,Jaipur,Debit Card,4357.05,2025-08,2025
ORD100809,C1282,2025-01-28,Office Chair,Furniture,1.0,8814.66,West,Mumbai,UPI,8814.66,2025-01,2025
ORD100810,C1009,2025-08-12,Mixer Grinder,Home Appliances,1.0,5308.36,East,Kolkata,UPI,5308.36,2025-08,2025
ORD100811,C1232,2025-11-10,Mixer Grinder,Home Appliances,1.0,5428.96,East,Patna,UPI,5428.96,2025-11,2025
ORD100812,C1152,2025-05-08,Backpack,Fashion,1.0,2247.64,South,Chennai,UPI,2247.64,2025-05,2025
ORD100813,C1078,2025-10-17,Desk,Furniture,2.0,12104.49,West,Ahmedabad,Debit Card,24208.98,2025-10,2025
ORD100814,C1211,2025-10-05,Keyboard,Accessories,1.0,1827.89,North,Jaipur,UPI,1827.89,2025-10,2025
ORD100815,C1138,2025-11-04,T-Shirt,Fashion,1.0,1237.45,East,Ranchi,Cash on Delivery,1237.45,2025-11,2025
ORD100816,C1243,2025-09-05,Keyboard,Accessories,1.0,1733.39,South,Bengaluru,Credit Card,1733.39,2025-09,2025
ORD100817,C1175,2025-09-17,Laptop,Electronics,3.0,57573.08,North,Delhi,UPI,172719.24,2025-09,2025
ORD100818,C1308,2025-05-05,Air Fryer,Home Appliances,2.0,7890.06,East,Kolkata,UPI,15780.12,2025-05,2025
ORD100819,C1136,2025-01-15,Smartwatch,Electronics,1.0,6961.48,South,Hyderabad,Cash on Delivery,6961.48,2025-01,2025
ORD100820,C1323,2025-08-03,Air Fryer,Home Appliances,2.0,8009.57,East,Bhubaneswar,Credit Card,16019.14,2025-08,2025
ORD100821,C1167,2025-08-30,Bookshelf,Furniture,1.0,6894.97,South,Chennai,UPI,6894.97,2025-08,2025
ORD100822,C1266,2025-07-13,Mixer Grinder,Home Appliances,2.0,5022.53,North,Delhi,Debit Card,10045.06,2025-07,2025
ORD100823,C1128,2025-10-12,Running Shoes,Fashion,2.0,4250.69,South,Vijayawada,Debit Card,8501.38,2025-10,2025
ORD100824,C1209,2025-03-31,Bookshelf,Furniture,3.0,6035.49,South,Hyderabad,Cash on Delivery,18106.47,2025-03,2025
ORD100825,C1230,2025-10-20,Bookshelf,Furniture,2.0,6794.41,East,Patna,Debit Card,13588.82,2025-10,2025
ORD100826,C1080,2025-08-17,Backpack,Fashion,1.0,2369.19,West,Mumbai,UPI,2369.19,2025-08,2025
ORD100827,C1056,2025-03-23,Office Chair,Furniture,1.0,8791.91,South,Vijayawada,UPI,8791.91,2025-03,2025
ORD100828,C1130,2025-01-05,Laptop,Electronics,1.0,50681.3,South,Chennai,UPI,50681.3,2025-01,2025
ORD100829,C1111,2025-03-03,Backpack,Fashion,2.0,2048.92,West,Mumbai,Net Banking,4097.84,2025-03,2025
ORD100830,C1285,2025-10-08,Air Fryer,Home Appliances,1.0,7435.93,North,Lucknow,Net Banking,7435.93,2025-10,2025
ORD100831,C1108,2025-03-31,Smartphone,Electronics,1.0,26479.59,South,Vijayawada,UPI,26479.59,2025-03,2025
ORD100832,C1003,2025-06-15,Running Shoes,Fashion,4.0,4214.23,South,Hyderabad,Net Banking,16856.92,2025-06,2025
ORD100833,C1059,2025-12-01,Keyboard,Accessories,2.0,1720.38,North,Lucknow,Credit Card,3440.76,2025-12,2025
ORD100834,C1269,2025-04-06,Bookshelf,Furniture,1.0,6669.44,West,Pune,UPI,6669.44,2025-04,2025
ORD100835,C1246,2025-11-03,Bookshelf,Furniture,2.0,6656.81,North,Delhi,Credit Card,13313.62,2025-11,2025
ORD100836,C1069,2025-10-03,Smartwatch,Electronics,1.0,7253.38,North,Delhi,UPI,7253.38,2025-10,2025
ORD100837,C1322,2025-08-06,Mixer Grinder,Home Appliances,2.0,5147.95,North,Lucknow,Net Banking,10295.9,2025-08,2025
ORD100838,C1153,2025-10-15,Backpack,Fashion,2.0,2238.44,West,Surat,UPI,4476.88,2025-10,2025
ORD100839,C1017,2025-01-25,T-Shirt,Fashion,1.0,1267.52,South,Hyderabad,Credit Card,1267.52,2025-01,2025
ORD100840,C1310,2025-07-25,Keyboard,Accessories,3.0,1710.75,South,Hyderabad,Debit Card,5132.25,2025-07,2025
ORD100841,C1087,2025-06-03,Smartphone,Electronics,1.0,27542.82,South,Bengaluru,Cash on Delivery,27542.82,2025-06,2025
ORD100842,C1079,2025-10-22,Backpack,Fashion,1.0,2369.05,East,Kolkata,Credit Card,2369.05,2025-10,2025
ORD100843,C1193,2025-01-21,Desk,Furniture,3.0,11567.4,South,Hyderabad,Credit Card,34702.2,2025-01,2025
ORD100844,C1106,2025-11-27,Bookshelf,Furniture,1.0,6147.64,South,Hyderabad,UPI,6147.64,2025-11,2025
ORD100845,C1097,2025-05-22,Smartwatch,Electronics,2.0,6840.39,North,Chandigarh,Credit Card,13680.78,2025-05,2025
ORD100846,C1345,2025-08-07,Mouse,Accessories,1.0,900.83,North,Jaipur,UPI,900.83,2025-08,2025
ORD100847,C1062,2025-11-04,Mouse,Accessories,1.0,931.29,South,Chennai,Credit Card,931.29,2025-11,2025
ORD100848,C1275,2025-07-09,Office Chair,Furniture,4.0,8382.5,South,Chennai,Credit Card,33530.0,2025-07,2025
ORD100850,C1290,2025-08-10,Smartphone,Electronics,2.0,28642.71,North,Chandigarh,Net Banking,57285.42,2025-08,2025
ORD100851,C1289,2025-09-29,Smartwatch,Electronics,1.0,7128.13,South,Hyderabad,Credit Card,7128.13,2025-09,2025
ORD100852,C1061,2025-05-08,Mixer Grinder,Home Appliances,2.0,5480.12,South,Bengaluru,Credit Card,10960.24,2025-05,2025
ORD100853,C1211,2025-03-07,Coffee Maker,Home Appliances,1.0,6943.45,East,Ranchi,Debit Card,6943.45,2025-03,2025
ORD100854,C1152,2025-02-08,Bookshelf,Furniture,2.0,6299.11,North,Delhi,Unknown,12598.22,2025-02,2025
ORD100855,C1321,2025-10-12,Coffee Maker,Home Appliances,1.0,6202.37,South,Unknown,Cash on Delivery,6202.37,2025-10,2025
ORD100856,C1307,2025-05-12,Headphones,Electronics,1.0,3487.54,South,Chennai,Credit Card,3487.54,2025-05,2025
ORD100857,C1218,2025-09-18,Desk,Furniture,1.0,12658.12,South,Bengaluru,Credit Card,12658.12,2025-09,2025
ORD100858,C1314,2025-01-29,Backpack,Fashion,1.0,2317.9,East,Bhubaneswar,Credit Card,2317.9,2025-01,2025
ORD100859,C1166,2025-12-25,Backpack,Fashion,2.0,2054.96,South,Vijayawada,UPI,4109.92,2025-12,2025
ORD100860,C1160,2025-04-23,Smartphone,Electronics,1.0,28401.1,South,Bengaluru,UPI,28401.1,2025-04,2025
ORD100861,C1228,2025-08-12,Bookshelf,Furniture,1.0,6411.71,East,Ranchi,Debit Card,6411.71,2025-08,2025
ORD100862,C1251,2025-08-22,Desk,Furniture,1.0,11677.08,West,Pune,Debit Card,11677.08,2025-08,2025
ORD100863,C1068,2025-04-01,T-Shirt,Fashion,1.0,1113.31,South,Vijayawada,UPI,1113.31,2025-04,2025
ORD100864,C1002,2025-08-03,Laptop,Electronics,2.0,53987.23,North,Lucknow,Debit Card,107974.46,2025-08,2025
ORD100865,C1314,2025-06-14,Mouse,Accessories,1.0,904.39,East,Kolkata,Credit Card,904.39,2025-06,2025
ORD100866,C1309,2025-02-13,Coffee Maker,Home Appliances,1.0,6681.92,West,Ahmedabad,Cash on Delivery,6681.92,2025-02,2025
ORD100867,C1091,2025-12-29,T-Shirt,Fashion,2.0,1208.23,North,Jaipur,UPI,2416.46,2025-12,2025
ORD100868,C1019,2025-12-25,Mixer Grinder,Home Appliances,1.0,4800.41,North,Delhi,Cash on Delivery,4800.41,2025-12,2025
ORD100869,C1337,2025-02-21,Headphones,Electronics,1.0,3357.26,South,Bengaluru,Net Banking,3357.26,2025-02,2025
ORD100870,C1103,2025-05-03,Keyboard,Accessories,1.0,1666.91,North,Jaipur,UPI,1666.91,2025-05,2025
ORD100871,C1169,2025-06-06,Desk,Furniture,1.0,11237.63,West,Mumbai,Credit Card,11237.63,2025-06,2025
ORD100872,C1281,2025-12-22,Bookshelf,Furniture,1.0,6225.33,South,Bengaluru,Net Banking,6225.33,2025-12,2025
ORD100873,C1065,2025-09-23,Smartwatch,Electronics,2.0,7142.15,North,Jaipur,UPI,14284.3,2025-09,2025
ORD100874,C1108,2025-02-09,T-Shirt,Fashion,1.0,1160.31,West,Pune,UPI,1160.31,2025-02,2025
ORD100875,C1037,2025-07-20,Bookshelf,Furniture,2.0,6189.51,West,Pune,Net Banking,12379.02,2025-07,2025
ORD100876,C1264,2025-06-12,Smartphone,Electronics,1.0,29362.07,South,Chennai,Net Banking,29362.07,2025-06,2025
ORD100877,C1228,2025-12-28,Bookshelf,Furniture,1.0,6181.76,North,Lucknow,Credit Card,6181.76,2025-12,2025
ORD100878,C1115,2025-09-25,Office Chair,Furniture,1.0,7887.64,East,Kolkata,Net Banking,7887.64,2025-09,2025
ORD100879,C1289,2025-08-06,Smartphone,Electronics,4.0,29681.08,North,Chandigarh,Net Banking,118724.32,2025-08,2025
ORD100880,C1063,2025-09-29,Office Chair,Furniture,2.0,8798.77,West,Pune,Debit Card,17597.54,2025-09,2025
ORD100881,C1070,2025-12-13,Coffee Maker,Home Appliances,5.0,6373.51,South,Vijayawada,UPI,31867.550000000003,2025-12,2025
ORD100882,C1117,2025-09-28,Headphones,Electronics,1.0,3560.73,North,Chandigarh,Credit Card,3560.73,2025-09,2025
ORD100883,C1347,2025-04-13,Backpack,Fashion,2.0,2229.39,West,Surat,UPI,4458.78,2025-04,2025
ORD100884,C1255,2025-10-02,Keyboard,Accessories,2.0,1832.65,South,Chennai,UPI,3665.3,2025-10,2025
ORD100885,C1065,2025-12-18,Headphones,Electronics,5.0,3384.95,West,Mumbai,UPI,16924.75,2025-12,2025
ORD100886,C1121,2025-09-11,Mouse,Accessories,1.0,919.9,South,Chennai,Credit Card,919.9,2025-09,2025
ORD100887,C1031,2025-06-30,Backpack,Fashion,1.0,2139.51,East,Kolkata,Debit Card,2139.51,2025-06,2025
ORD100888,C1211,2025-12-03,Mixer Grinder,Home Appliances,1.0,4905.8,South,Vijayawada,Cash on Delivery,4905.8,2025-12,2025
ORD100889,C1087,2025-04-14,Coffee Maker,Home Appliances,2.0,6752.27,North,Jaipur,UPI,13504.54,2025-04,2025
ORD100890,C1291,2025-04-09,Office Chair,Furniture,2.0,8725.56,West,Pune,UPI,17451.12,2025-04,2025
ORD100891,C1105,2025-11-06,Air Fryer,Home Appliances,3.0,7902.87,South,Chennai,UPI,23708.61,2025-11,2025
ORD100892,C1320,2025-06-23,T-Shirt,Fashion,2.0,1143.13,West,Ahmedabad,Debit Card,2286.26,2025-06,2025
ORD100893,C1209,2025-08-18,Desk,Furniture,3.0,12822.35,West,Ahmedabad,Credit Card,38467.05,2025-08,2025
ORD100894,C1050,2025-11-06,Running Shoes,Fashion,2.0,4195.63,East,Bhubaneswar,Net Banking,8391.26,2025-11,2025
ORD100895,C1290,2025-01-16,Desk,Furniture,1.0,12545.4,East,Ranchi,UPI,12545.4,2025-01,2025
ORD100896,C1228,2025-01-25,Backpack,Fashion,1.0,2234.26,East,Kolkata,Debit Card,2234.26,2025-01,2025
ORD100897,C1077,2025-03-15,Keyboard,Accessories,1.0,1894.76,West,Pune,Debit Card,1894.76,2025-03,2025
ORD100898,C1031,2025-08-30,Air Fryer,Home Appliances,1.0,8148.32,South,Unknown,UPI,8148.32,2025-08,2025
ORD100899,C1343,2025-10-29,Office Chair,Furniture,2.0,8347.24,East,Bhubaneswar,Credit Card,16694.48,2025-10,2025
ORD100900,C1241,2025-05-17,Smartphone,Electronics,1.0,27219.11,North,Jaipur,UPI,27219.11,2025-05,2025
ORD100901,C1194,2025-02-14,Desk,Furniture,1.0,11321.35,South,Hyderabad,Debit Card,11321.35,2025-02,2025
ORD100902,C1094,2025-11-24,Desk,Furniture,1.0,12610.78,South,Chennai,Debit Card,12610.78,2025-11,2025
ORD100903,C1011,2025-05-02,T-Shirt,Fashion,2.0,1193.96,South,Chennai,Cash on Delivery,2387.92,2025-05,2025
ORD100904,C1275,2025-10-06,Office Chair,Furniture,1.0,8485.62,North,Delhi,UPI,8485.62,2025-10,2025
ORD100905,C1325,2025-08-24,Air Fryer,Home Appliances,4.0,8196.1,West,Surat,Credit Card,32784.4,2025-08,2025
ORD100906,C1257,2025-05-15,Laptop,Electronics,2.0,54357.0,North,Jaipur,UPI,108714.0,2025-05,2025
ORD100907,C1046,2025-01-27,Desk,Furniture,4.0,11338.65,South,Vijayawada,Net Banking,45354.6,2025-01,2025
ORD100908,C1290,2025-03-30,Headphones,Electronics,4.0,3371.5,West,Surat,UPI,13486.0,2025-03,2025
ORD100909,C1262,2025-07-07,Coffee Maker,Home Appliances,1.0,6577.44,North,Lucknow,UPI,6577.44,2025-07,2025
ORD100910,C1068,2025-06-08,Bookshelf,Furniture,1.0,6651.79,North,Chandigarh,UPI,6651.79,2025-06,2025
ORD100911,C1020,2025-04-18,Running Shoes,Fashion,1.0,4672.76,South,Hyderabad,Net Banking,4672.76,2025-04,2025
ORD100912,C1222,2025-05-16,Headphones,Electronics,2.0,3274.11,South,Vijayawada,UPI,6548.22,2025-05,2025
ORD100913,C1074,2025-12-03,Running Shoes,Fashion,2.0,4232.37,South,Vijayawada,Credit Card,8464.74,2025-12,2025
ORD100914,C1123,2025-05-25,Desk,Furniture,1.0,11040.6,East,Patna,UPI,11040.6,2025-05,2025
ORD100915,C1145,2025-08-17,Laptop,Electronics,3.0,51859.97,East,Ranchi,Debit Card,155579.91,2025-08,2025
ORD100916,C1302,2025-06-18,Desk,Furniture,1.0,11660.96,West,Unknown,UPI,11660.96,2025-06,2025
ORD100917,C1060,2025-11-06,Air Fryer,Home Appliances,1.0,7494.12,South,Vijayawada,Credit Card,7494.12,2025-11,2025
ORD100918,C1059,2025-01-12,Running Shoes,Fashion,3.0,4401.01,West,Mumbai,Credit Card,13203.03,2025-01,2025
ORD100919,C1164,2025-02-01,Air Fryer,Home Appliances,1.0,7846.41,West,Surat,UPI,7846.41,2025-02,2025
ORD100920,C1051,2025-06-11,Mouse,Accessories,1.0,855.75,East,Kolkata,Credit Card,855.75,2025-06,2025
ORD100921,C1099,2025-01-20,Running Shoes,Fashion,1.0,4624.94,South,Chennai,Net Banking,4624.94,2025-01,2025
ORD100922,C1121,2025-09-24,Air Fryer,Home Appliances,4.0,8187.58,South,Chennai,Net Banking,32750.32,2025-09,2025
ORD100923,C1105,2025-06-15,Mixer Grinder,Home Appliances,3.0,5409.8,North,Lucknow,Credit Card,16229.400000000001,2025-06,2025
ORD100924,C1210,2025-01-06,Desk,Furniture,4.0,12095.29,South,Chennai,Credit Card,48381.16,2025-01,2025
ORD100925,C1235,2025-10-07,Laptop,Electronics,5.0,56070.68,South,Hyderabad,Credit Card,280353.4,2025-10,2025
ORD100926,C1232,2025-03-25,Air Fryer,Home Appliances,1.0,7395.77,South,Chennai,Net Banking,7395.77,2025-03,2025
ORD100927,C1326,2025-04-05,Air Fryer,Home Appliances,2.0,7362.29,South,Chennai,UPI,14724.58,2025-04,2025
ORD100928,C1232,2025-08-13,Running Shoes,Fashion,4.0,4317.93,South,Bengaluru,UPI,17271.72,2025-08,2025
ORD100929,C1176,2025-09-08,Coffee Maker,Home Appliances,1.0,5999.5,East,Kolkata,Net Banking,5999.5,2025-09,2025
ORD100930,C1298,2025-03-26,Mixer Grinder,Home Appliances,5.0,5347.05,South,Chennai,Debit Card,26735.25,2025-03,2025
ORD100931,C1251,2025-09-27,Desk,Furniture,1.0,12416.56,North,Lucknow,Cash on Delivery,12416.56,2025-09,2025
ORD100932,C1150,2025-05-31,Smartwatch,Electronics,1.0,7127.36,South,Hyderabad,Debit Card,7127.36,2025-05,2025
ORD100933,C1321,2025-09-05,Keyboard,Accessories,2.0,1838.48,South,Hyderabad,Credit Card,3676.96,2025-09,2025
ORD100934,C1315,2025-04-16,Headphones,Electronics,2.0,3257.69,North,Lucknow,Net Banking,6515.38,2025-04,2025
ORD100935,C1151,2025-07-21,Desk,Furniture,1.0,12188.06,North,Lucknow,Debit Card,12188.06,2025-07,2025
ORD100936,C1220,2025-06-09,Running Shoes,Fashion,1.0,4609.23,West,Mumbai,UPI,4609.23,2025-06,2025
ORD100937,C1156,2025-08-19,Headphones,Electronics,2.0,3258.49,East,Bhubaneswar,UPI,6516.98,2025-08,2025
ORD100938,C1258,2025-05-05,Backpack,Fashion,1.0,2237.91,West,Ahmedabad,Debit Card,2237.91,2025-05,2025
ORD100939,C1148,2025-12-22,Smartphone,Electronics,1.0,26565.38,South,Bengaluru,UPI,26565.38,2025-12,2025
ORD100940,C1017,2025-06-28,Mixer Grinder,Home Appliances,1.0,5375.89,West,Mumbai,Credit Card,5375.89,2025-06,2025
ORD100941,C1218,2025-04-08,Headphones,Electronics,3.0,3430.31,West,Pune,UPI,10290.93,2025-04,2025
ORD100942,C1310,2025-12-26,Coffee Maker,Home Appliances,1.0,6170.04,South,Hyderabad,Credit Card,6170.04,2025-12,2025
ORD100943,C1320,2025-09-15,Coffee Maker,Home Appliances,1.0,6191.04,North,Lucknow,Debit Card,6191.04,2025-09,2025
ORD100944,C1185,2025-04-17,Headphones,Electronics,1.0,3228.62,West,Mumbai,UPI,3228.62,2025-04,2025
ORD100945,C1231,2025-05-09,Laptop,Electronics,1.0,58448.62,West,Mumbai,Net Banking,58448.62,2025-05,2025
ORD100946,C1181,2025-03-25,Bookshelf,Furniture,1.0,6551.11,East,Patna,Net Banking,6551.11,2025-03,2025
ORD100947,C1304,2025-11-03,Backpack,Fashion,2.0,2154.26,West,Mumbai,UPI,4308.52,2025-11,2025
ORD100948,C1025,2025-10-04,Mixer Grinder,Home Appliances,1.0,4796.64,West,Mumbai,UPI,4796.64,2025-10,2025
ORD100949,C1188,2025-03-30,Bookshelf,Furniture,2.0,6089.79,East,Ranchi,Net Banking,12179.58,2025-03,2025
ORD100950,C1299,2025-09-01,Headphones,Electronics,1.0,3724.38,South,Hyderabad,UPI,3724.38,2025-09,2025
ORD100951,C1188,2025-08-31,Mouse,Accessories,1.0,937.24,South,Vijayawada,Credit Card,937.24,2025-08,2025
ORD100952,C1271,2025-07-18,Mixer Grinder,Home Appliances,1.0,5296.58,East,Ranchi,Credit Card,5296.58,2025-07,2025
ORD100953,C1290,2025-07-07,Keyboard,Accessories,1.0,1713.11,West,Surat,Cash on Delivery,1713.11,2025-07,2025
ORD100954,C1024,2025-04-23,Smartphone,Electronics,2.0,26048.31,South,Bengaluru,Net Banking,52096.62,2025-04,2025
ORD100955,C1318,2025-05-31,Bookshelf,Furniture,2.0,6315.44,East,Ranchi,UPI,12630.88,2025-05,2025
ORD100956,C1055,2025-10-01,Headphones,Electronics,2.0,3721.58,East,Bhubaneswar,Cash on Delivery,7443.16,2025-10,2025
ORD100957,C1252,2025-03-28,Air Fryer,Home Appliances,4.0,7651.18,West,Ahmedabad,Debit Card,30604.72,2025-03,2025
ORD100958,C1065,2025-01-02,Mixer Grinder,Home Appliances,2.0,4840.28,East,Ranchi,Cash on Delivery,9680.56,2025-01,2025
ORD100959,C1266,2025-04-17,Office Chair,Furniture,1.0,8340.13,East,Ranchi,Debit Card,8340.13,2025-04,2025
ORD100960,C1084,2025-06-07,Headphones,Electronics,1.0,3496.2,West,Mumbai,UPI,3496.2,2025-06,2025
ORD100961,C1165,2025-10-27,T-Shirt,Fashion,2.0,1282.91,East,Kolkata,Credit Card,2565.82,2025-10,2025
ORD100962,C1281,2025-10-25,Bookshelf,Furniture,1.0,6756.12,West,Pune,Net Banking,6756.12,2025-10,2025
ORD100963,C1248,2025-09-10,Mixer Grinder,Home Appliances,1.0,4815.25,North,Delhi,Credit Card,4815.25,2025-09,2025
ORD100964,C1163,2025-03-08,Mouse,Accessories,5.0,971.19,South,Hyderabad,Net Banking,4855.950000000001,2025-03,2025
ORD100965,C1285,2025-10-15,Desk,Furniture,3.0,12604.16,West,Mumbai,Credit Card,37812.479999999996,2025-10,2025
ORD100966,C1271,2025-11-24,Coffee Maker,Home Appliances,1.0,6098.75,West,Surat,Debit Card,6098.75,2025-11,2025
ORD100967,C1145,2025-11-22,Running Shoes,Fashion,2.0,4425.23,East,Patna,Credit Card,8850.46,2025-11,2025
ORD100968,C1247,2025-11-17,T-Shirt,Fashion,2.0,1243.56,West,Surat,Net Banking,2487.12,2025-11,2025
ORD100969,C1238,2025-08-24,Mouse,Accessories,2.0,838.76,West,Mumbai,Debit Card,1677.52,2025-08,2025
ORD100970,C1123,2025-05-02,Desk,Furniture,1.0,11427.66,West,Ahmedabad,Credit Card,11427.66,2025-05,2025
ORD100971,C1129,2025-06-15,Desk,Furniture,2.0,11374.06,East,Patna,UPI,22748.12,2025-06,2025
ORD100972,C1235,2025-05-23,Desk,Furniture,2.0,12560.31,South,Hyderabad,UPI,25120.62,2025-05,2025
ORD100973,C1306,2025-11-28,Mixer Grinder,Home Appliances,2.0,4864.2,West,Pune,Credit Card,9728.4,2025-11,2025
ORD100974,C1095,2025-08-12,Air Fryer,Home Appliances,1.0,7591.37,South,Chennai,Credit Card,7591.37,2025-08,2025
ORD100975,C1036,2025-09-16,Headphones,Electronics,4.0,3342.91,East,Bhubaneswar,Debit Card,13371.64,2025-09,2025
ORD100976,C1016,2025-06-05,T-Shirt,Fashion,1.0,1152.24,East,Ranchi,Net Banking,1152.24,2025-06,2025
ORD100977,C1211,2025-06-21,Mixer Grinder,Home Appliances,2.0,4994.04,North,Lucknow,UPI,9988.08,2025-06,2025
ORD100978,C1290,2025-05-16,Keyboard,Accessories,2.0,1751.65,West,Ahmedabad,Debit Card,3503.3,2025-05,2025
ORD100979,C1042,2025-07-30,Smartphone,Electronics,2.0,27056.58,South,Bengaluru,UPI,54113.16,2025-07,2025
ORD100980,C1250,2025-01-08,Smartphone,Electronics,2.0,26550.28,North,Delhi,UPI,53100.56,2025-01,2025
ORD100981,C1173,2025-05-11,Smartwatch,Electronics,3.0,7514.99,South,Chennai,UPI,22544.97,2025-05,2025
ORD100982,C1339,2025-02-12,Mouse,Accessories,3.0,840.22,South,Chennai,Credit Card,2520.66,2025-02,2025
ORD100983,C1041,2025-04-19,Keyboard,Accessories,1.0,1879.82,East,Patna,Net Banking,1879.82,2025-04,2025
ORD100984,C1049,2025-09-14,Office Chair,Furniture,3.0,7857.15,South,Hyderabad,Debit Card,23571.449999999997,2025-09,2025
ORD100985,C1103,2025-07-31,Mixer Grinder,Home Appliances,2.0,5302.78,East,Bhubaneswar,UPI,10605.56,2025-07,2025
ORD100986,C1093,2025-08-17,T-Shirt,Fashion,2.0,1156.33,South,Vijayawada,Credit Card,2312.66,2025-08,2025
ORD100987,C1164,2025-07-14,Running Shoes,Fashion,3.0,4350.89,West,Surat,UPI,13052.670000000002,2025-07,2025
ORD100988,C1287,2025-07-02,Headphones,Electronics,2.0,3314.81,South,Hyderabad,Net Banking,6629.62,2025-07,2025
ORD100989,C1109,2025-11-08,Running Shoes,Fashion,5.0,4318.4,South,Vijayawada,UPI,21592.0,2025-11,2025
ORD100990,C1230,2025-08-21,Smartphone,Electronics,1.0,27524.1,North,Jaipur,Net Banking,27524.1,2025-08,2025
ORD100991,C1014,2025-11-22,Smartwatch,Electronics,1.0,7354.05,West,Ahmedabad,UPI,7354.05,2025-11,2025
ORD100992,C1122,2025-11-28,Headphones,Electronics,1.0,3585.15,West,Mumbai,Credit Card,3585.15,2025-11,2025
ORD100993,C1192,2025-10-20,Desk,Furniture,1.0,12270.84,South,Chennai,UPI,12270.84,2025-10,2025
ORD100994,C1175,2025-12-26,Office Chair,Furniture,1.0,8031.61,South,Hyderabad,UPI,8031.61,2025-12,2025
ORD100995,C1218,2025-05-08,Bookshelf,Furniture,2.0,6277.94,South,Hyderabad,Debit Card,12555.88,2025-05,2025
ORD100996,C1340,2025-03-07,Keyboard,Accessories,2.0,1942.68,South,Chennai,UPI,3885.36,2025-03,2025
ORD100997,C1176,2025-11-27,T-Shirt,Fashion,1.0,1231.86,North,Chandigarh,Credit Card,1231.86,2025-11,2025
ORD100998,C1015,2025-07-28,Smartwatch,Electronics,2.0,6850.13,South,Vijayawada,UPI,13700.26,2025-07,2025
ORD100999,C1338,2025-09-07,Backpack,Fashion,1.0,2266.12,North,Chandigarh,Net Banking,2266.12,2025-09,2025
ORD101000,C1302,2025-01-24,Bookshelf,Furniture,2.0,6828.57,North,Lucknow,Net Banking,13657.14,2025-01,2025
ORD101001,C1022,2025-07-06,Desk,Furniture,2.0,11340.34,South,Chennai,Credit Card,22680.68,2025-07,2025
ORD101002,C1267,2025-05-22,Running Shoes,Fashion,3.0,4757.21,East,Patna,Debit Card,14271.630000000001,2025-05,2025
ORD101003,C1055,2025-12-28,Air Fryer,Home Appliances,1.0,7249.22,West,Mumbai,Net Banking,7249.22,2025-12,2025
ORD101004,C1047,2025-09-25,Desk,Furniture,5.0,12755.11,East,Patna,Net Banking,63775.55,2025-09,2025
ORD101005,C1324,2025-07-27,Smartphone,Electronics,1.0,26283.23,East,Ranchi,UPI,26283.23,2025-07,2025
ORD101006,C1348,2025-11-30,Office Chair,Furniture,1.0,7848.06,North,Jaipur,Net Banking,7848.06,2025-11,2025
ORD101007,C1159,2025-05-28,Office Chair,Furniture,1.0,8399.18,South,Vijayawada,UPI,8399.18,2025-05,2025
ORD101008,C1138,2025-10-29,Coffee Maker,Home Appliances,2.0,6383.79,East,Ranchi,UPI,12767.58,2025-10,2025
ORD101009,C1298,2025-01-20,Keyboard,Accessories,1.0,1812.97,North,Jaipur,UPI,1812.97,2025-01,2025
ORD101010,C1283,2025-03-28,Smartwatch,Electronics,1.0,7078.94,South,Bengaluru,Net Banking,7078.94,2025-03,2025
ORD101011,C1117,2025-10-30,Coffee Maker,Home Appliances,1.0,6397.48,North,Lucknow,Net Banking,6397.48,2025-10,2025
ORD101012,C1322,2025-05-02,Keyboard,Accessories,1.0,1695.3,South,Chennai,UPI,1695.3,2025-05,2025
ORD101013,C1220,2025-09-15,Office Chair,Furniture,3.0,8531.91,South,Bengaluru,UPI,25595.73,2025-09,2025
ORD101014,C1201,2025-02-12,Air Fryer,Home Appliances,1.0,7217.26,East,Kolkata,UPI,7217.26,2025-02,2025
ORD101015,C1123,2025-11-07,Bookshelf,Furniture,1.0,6231.17,East,Kolkata,Debit Card,6231.17,2025-11,2025
ORD101016,C1341,2025-03-06,T-Shirt,Fashion,2.0,1220.54,South,Bengaluru,UPI,2441.08,2025-03,2025
ORD101017,C1194,2025-07-15,Office Chair,Furniture,2.0,8009.86,North,Delhi,UPI,16019.72,2025-07,2025
ORD101018,C1343,2025-03-28,Backpack,Fashion,1.0,2364.29,East,Ranchi,UPI,2364.29,2025-03,2025
ORD101019,C1092,2025-06-24,Laptop,Electronics,1.0,53967.37,West,Pune,Cash on Delivery,53967.37,2025-06,2025
ORD101020,C1303,2025-07-14,Backpack,Fashion,1.0,2070.4,West,Pune,UPI,2070.4,2025-07,2025
ORD101021,C1024,2025-12-27,Smartwatch,Electronics,2.0,6822.71,North,Delhi,UPI,13645.42,2025-12,2025
ORD101022,C1101,2025-02-07,Desk,Furniture,2.0,11263.96,South,Bengaluru,Debit Card,22527.92,2025-02,2025
ORD101023,C1335,2025-04-10,Keyboard,Accessories,1.0,1727.11,South,Hyderabad,UPI,1727.11,2025-04,2025
ORD101024,C1034,2025-10-13,Air Fryer,Home Appliances,1.0,7371.57,North,Delhi,Debit Card,7371.57,2025-10,2025
ORD101025,C1322,2025-09-25,Smartwatch,Electronics,2.0,6805.52,West,Ahmedabad,Debit Card,13611.04,2025-09,2025
ORD101026,C1148,2025-11-04,Coffee Maker,Home Appliances,1.0,6274.35,West,Surat,UPI,6274.35,2025-11,2025
ORD101027,C1242,2025-02-25,Backpack,Fashion,1.0,2351.89,South,Chennai,Credit Card,2351.89,2025-02,2025
ORD101028,C1211,2025-08-22,Air Fryer,Home Appliances,3.0,7990.17,West,Pune,Credit Card,23970.510000000002,2025-08,2025
ORD101029,C1138,2025-07-25,Bookshelf,Furniture,5.0,6421.75,West,Pune,Credit Card,32108.75,2025-07,2025
ORD101030,C1131,2025-12-21,Coffee Maker,Home Appliances,2.0,6353.55,East,Bhubaneswar,Credit Card,12707.1,2025-12,2025
ORD101031,C1070,2025-09-08,Laptop,Electronics,3.0,56413.0,North,Delhi,Debit Card,169239.0,2025-09,2025
ORD101032,C1294,2025-01-18,Laptop,Electronics,2.0,55976.35,South,Hyderabad,UPI,111952.7,2025-01,2025
ORD101033,C1276,2025-06-22,Air Fryer,Home Appliances,1.0,7694.66,North,Delhi,UPI,7694.66,2025-06,2025
ORD101034,C1196,2025-04-24,Bookshelf,Furniture,2.0,6498.26,East,Bhubaneswar,UPI,12996.52,2025-04,2025
ORD101035,C1011,2025-12-04,Keyboard,Accessories,1.0,1739.49,West,Mumbai,Net Banking,1739.49,2025-12,2025
ORD101036,C1087,2025-11-26,Desk,Furniture,1.0,12189.48,West,Mumbai,UPI,12189.48,2025-11,2025
ORD101037,C1156,2025-05-28,Running Shoes,Fashion,1.0,4454.18,West,Ahmedabad,UPI,4454.18,2025-05,2025
ORD101038,C1170,2025-11-08,Keyboard,Accessories,2.0,1688.67,South,Hyderabad,UPI,3377.34,2025-11,2025
ORD101039,C1287,2025-12-18,Smartwatch,Electronics,3.0,6988.73,North,Jaipur,UPI,20966.19,2025-12,2025
ORD101040,C1294,2025-02-01,Office Chair,Furniture,1.0,8729.43,South,Chennai,Credit Card,8729.43,2025-02,2025
ORD101041,C1059,2025-02-22,Bookshelf,Furniture,1.0,6803.36,South,Hyderabad,UPI,6803.36,2025-02,2025
ORD101042,C1292,2025-03-05,Smartwatch,Electronics,2.0,6864.07,East,Ranchi,UPI,13728.14,2025-03,2025
ORD101043,C1228,2025-12-27,Office Chair,Furniture,4.0,9070.9,North,Jaipur,UPI,36283.6,2025-12,2025
ORD101044,C1020,2025-08-29,Bookshelf,Furniture,3.0,6123.94,South,Chennai,Debit Card,18371.82,2025-08,2025
ORD101045,C1014,2025-06-21,T-Shirt,Fashion,1.0,1257.81,East,Bhubaneswar,UPI,1257.81,2025-06,2025
ORD101046,C1013,2025-01-26,Mixer Grinder,Home Appliances,2.0,4805.48,South,Chennai,Debit Card,9610.96,2025-01,2025
ORD101047,C1270,2025-05-23,Running Shoes,Fashion,2.0,4182.72,West,Mumbai,UPI,8365.44,2025-05,2025
ORD101048,C1177,2025-10-12,Coffee Maker,Home Appliances,3.0,6563.16,South,Chennai,Cash on Delivery,19689.48,2025-10,2025
ORD101049,C1318,2025-11-09,Keyboard,Accessories,2.0,1923.42,East,Bhubaneswar,Cash on Delivery,3846.84,2025-11,2025
ORD101050,C1098,2025-10-06,Running Shoes,Fashion,3.0,4603.95,West,Mumbai,Cash on Delivery,13811.849999999999,2025-10,2025
ORD101051,C1253,2025-05-04,Mixer Grinder,Home Appliances,2.0,4918.64,North,Delhi,UPI,9837.28,2025-05,2025
ORD101052,C1055,2025-11-10,Smartphone,Electronics,1.0,28938.21,East,Patna,Net Banking,28938.21,2025-11,2025
ORD101053,C1187,2025-01-25,Laptop,Electronics,2.0,55051.31,South,Vijayawada,Debit Card,110102.62,2025-01,2025
ORD101054,C1303,2025-09-26,Air Fryer,Home Appliances,1.0,7648.38,West,Pune,UPI,7648.38,2025-09,2025
ORD101055,C1142,2025-04-06,Running Shoes,Fashion,3.0,4556.91,South,Hyderabad,UPI,13670.73,2025-04,2025
ORD101056,C1262,2025-11-05,Office Chair,Furniture,2.0,8458.51,East,Bhubaneswar,UPI,16917.02,2025-11,2025
ORD101057,C1306,2025-07-12,Smartwatch,Electronics,1.0,7239.47,South,Chennai,Net Banking,7239.47,2025-07,2025
ORD101058,C1335,2025-12-19,Smartphone,Electronics,1.0,28617.9,North,Chandigarh,Debit Card,28617.9,2025-12,2025
ORD101059,C1268,2025-02-07,Desk,Furniture,2.0,12805.0,West,Pune,Credit Card,25610.0,2025-02,2025
ORD101060,C1178,2025-02-07,Coffee Maker,Home Appliances,1.0,6960.48,North,Jaipur,Credit Card,6960.48,2025-02,2025
ORD101061,C1305,2025-12-11,Backpack,Fashion,2.0,2069.43,West,Pune,UPI,4138.86,2025-12,2025
ORD101062,C1309,2025-06-17,Running Shoes,Fashion,2.0,4645.48,South,Chennai,UPI,9290.96,2025-06,2025
ORD101063,C1104,2025-05-13,Keyboard,Accessories,1.0,1714.89,West,Surat,Net Banking,1714.89,2025-05,2025
ORD101064,C1231,2025-05-14,Smartwatch,Electronics,2.0,7416.63,North,Jaipur,Debit Card,14833.26,2025-05,2025
ORD101065,C1342,2025-12-02,Running Shoes,Fashion,1.0,4232.43,East,Kolkata,UPI,4232.43,2025-12,2025
ORD101066,C1211,2025-05-18,Office Chair,Furniture,1.0,8001.35,West,Mumbai,Debit Card,8001.35,2025-05,2025
ORD101067,C1057,2025-11-17,Office Chair,Furniture,2.0,8926.6,South,Vijayawada,UPI,17853.2,2025-11,2025
ORD101068,C1337,2025-08-21,Smartphone,Electronics,1.0,29004.61,North,Delhi,UPI,29004.61,2025-08,2025
ORD101069,C1152,2025-07-12,Office Chair,Furniture,1.0,8851.63,South,Hyderabad,Cash on Delivery,8851.63,2025-07,2025
ORD101070,C1308,2025-02-13,Desk,Furniture,1.0,11429.55,South,Hyderabad,Debit Card,11429.55,2025-02,2025
ORD101071,C1029,2025-04-05,Smartphone,Electronics,2.0,29267.2,North,Jaipur,UPI,58534.4,2025-04,2025
ORD101072,C1144,2025-12-05,Keyboard,Accessories,1.0,1695.3,North,Delhi,Credit Card,1695.3,2025-12,2025
ORD101073,C1178,2025-02-14,Keyboard,Accessories,2.0,1767.9,East,Kolkata,UPI,3535.8,2025-02,2025
ORD101074,C1294,2025-08-17,Air Fryer,Home Appliances,1.0,8312.78,West,Surat,Net Banking,8312.78,2025-08,2025
ORD101075,C1240,2025-01-04,Mixer Grinder,Home Appliances,2.0,5173.91,South,Bengaluru,Debit Card,10347.82,2025-01,2025
ORD101076,C1234,2025-04-07,Smartphone,Electronics,1.0,26985.5,South,Chennai,Debit Card,26985.5,2025-04,2025
ORD101077,C1079,2025-12-03,Coffee Maker,Home Appliances,2.0,6721.39,West,Pune,Debit Card,13442.78,2025-12,2025
ORD101078,C1088,2025-05-11,Keyboard,Accessories,2.0,1902.33,South,Hyderabad,Debit Card,3804.66,2025-05,2025
ORD101079,C1348,2025-10-07,Running Shoes,Fashion,1.0,4577.19,East,Ranchi,Credit Card,4577.19,2025-10,2025
ORD101080,C1087,2025-06-26,Backpack,Fashion,3.0,2173.12,South,Bengaluru,UPI,6519.36,2025-06,2025
ORD101081,C1341,2025-01-02,T-Shirt,Fashion,3.0,1245.11,North,Chandigarh,Net Banking,3735.33,2025-01,2025
ORD101082,C1092,2025-05-13,Air Fryer,Home Appliances,1.0,8412.9,West,Pune,Unknown,8412.9,2025-05,2025
ORD101083,C1155,2025-08-28,Keyboard,Accessories,3.0,1659.53,South,Vijayawada,Credit Card,4978.59,2025-08,2025
ORD101084,C1203,2025-04-07,Headphones,Electronics,4.0,3403.11,West,Pune,Net Banking,13612.44,2025-04,2025
ORD101085,C1207,2025-09-06,Air Fryer,Home Appliances,4.0,7234.22,South,Vijayawada,Credit Card,28936.88,2025-09,2025
ORD101086,C1053,2025-03-16,Coffee Maker,Home Appliances,1.0,6762.19,South,Vijayawada,Credit Card,6762.19,2025-03,2025
ORD101087,C1340,2025-01-24,Running Shoes,Fashion,1.0,4358.85,West,Ahmedabad,Credit Card,4358.85,2025-01,2025
ORD101088,C1106,2025-03-10,Mouse,Accessories,1.0,971.93,South,Bengaluru,UPI,971.93,2025-03,2025
ORD101089,C1247,2025-04-23,Laptop,Electronics,1.0,59332.97,South,Hyderabad,UPI,59332.97,2025-04,2025
ORD101090,C1177,2025-01-13,Desk,Furniture,1.0,12167.17,South,Chennai,Debit Card,12167.17,2025-01,2025
ORD101091,C1091,2025-09-01,Keyboard,Accessories,4.0,1805.18,South,Vijayawada,Net Banking,7220.72,2025-09,2025
ORD101092,C1303,2025-04-18,Bookshelf,Furniture,2.0,6271.18,North,Delhi,UPI,12542.36,2025-04,2025
ORD101093,C1299,2025-06-09,Smartphone,Electronics,1.0,27466.81,South,Vijayawada,UPI,27466.81,2025-06,2025
ORD101094,C1042,2025-02-09,Backpack,Fashion,1.0,2148.16,South,Vijayawada,Cash on Delivery,2148.16,2025-02,2025
ORD101095,C1216,2025-08-16,Backpack,Fashion,2.0,2200.6,West,Pune,Net Banking,4401.2,2025-08,2025
ORD101096,C1152,2025-05-11,Keyboard,Accessories,2.0,1830.64,North,Lucknow,Debit Card,3661.28,2025-05,2025
ORD101097,C1288,2025-05-09,Headphones,Electronics,4.0,3757.52,West,Pune,Credit Card,15030.08,2025-05,2025
ORD101098,C1002,2025-07-26,Running Shoes,Fashion,1.0,4325.26,South,Hyderabad,Cash on Delivery,4325.26,2025-07,2025
ORD101099,C1153,2025-05-29,Mixer Grinder,Home Appliances,1.0,5360.56,North,Chandigarh,Net Banking,5360.56,2025-05,2025
ORD101100,C1033,2025-05-28,Bookshelf,Furniture,1.0,6258.08,North,Chandigarh,Credit Card,6258.08,2025-05,2025
ORD101101,C1257,2025-10-28,Backpack,Fashion,1.0,2080.27,South,Bengaluru,UPI,2080.27,2025-10,2025
ORD101102,C1251,2025-07-02,Running Shoes,Fashion,1.0,4147.28,South,Vijayawada,UPI,4147.28,2025-07,2025
ORD101103,C1145,2025-04-20,Office Chair,Furniture,5.0,7990.52,South,Hyderabad,Net Banking,39952.600000000006,2025-04,2025
ORD101104,C1002,2025-04-01,Bookshelf,Furniture,3.0,6264.27,South,Bengaluru,Credit Card,18792.81,2025-04,2025
ORD101105,C1071,2025-05-16,Running Shoes,Fashion,2.0,4559.77,East,Kolkata,Debit Card,9119.54,2025-05,2025
ORD101106,C1278,2025-03-23,Running Shoes,Fashion,3.0,4557.18,South,Hyderabad,UPI,13671.54,2025-03,2025
ORD101107,C1009,2025-08-26,Desk,Furniture,3.0,11781.18,West,Mumbai,Net Banking,35343.54,2025-08,2025
ORD101108,C1026,2025-01-06,Backpack,Fashion,2.0,2059.18,South,Bengaluru,UPI,4118.36,2025-01,2025
ORD101109,C1235,2025-08-18,Bookshelf,Furniture,2.0,7008.8,South,Vijayawada,Credit Card,14017.6,2025-08,2025
ORD101110,C1276,2025-07-17,Keyboard,Accessories,2.0,1932.13,North,Lucknow,Credit Card,3864.26,2025-07,2025
ORD101111,C1090,2025-12-08,Office Chair,Furniture,1.0,8975.44,East,Bhubaneswar,Debit Card,8975.44,2025-12,2025
ORD101112,C1129,2025-01-05,Coffee Maker,Home Appliances,1.0,6858.56,North,Chandigarh,UPI,6858.56,2025-01,2025
ORD101113,C1153,2025-05-05,Running Shoes,Fashion,2.0,4238.78,North,Lucknow,Net Banking,8477.56,2025-05,2025
ORD101114,C1208,2025-06-30,Running Shoes,Fashion,2.0,4779.15,North,Delhi,Net Banking,9558.3,2025-06,2025
ORD101115,C1196,2025-05-10,Backpack,Fashion,4.0,2335.86,North,Delhi,Credit Card,9343.44,2025-05,2025
ORD101116,C1160,2025-05-15,Backpack,Fashion,3.0,2311.99,South,Chennai,UPI,6935.969999999999,2025-05,2025
ORD101117,C1082,2025-11-30,T-Shirt,Fashion,2.0,1210.88,South,Chennai,Debit Card,2421.76,2025-11,2025
ORD101118,C1059,2025-06-09,Desk,Furniture,1.0,11988.78,South,Vijayawada,Credit Card,11988.78,2025-06,2025
ORD101119,C1109,2025-11-19,Backpack,Fashion,1.0,2325.43,South,Hyderabad,Debit Card,2325.43,2025-11,2025
ORD101120,C1219,2025-07-11,Laptop,Electronics,2.0,57997.07,East,Patna,Credit Card,115994.14,2025-07,2025
ORD101121,C1149,2025-04-29,Mixer Grinder,Home Appliances,1.0,4891.59,North,Jaipur,Credit Card,4891.59,2025-04,2025
ORD101122,C1283,2025-08-31,Keyboard,Accessories,2.0,1822.45,South,Bengaluru,Credit Card,3644.9,2025-08,2025
ORD101123,C1006,2025-02-21,Coffee Maker,Home Appliances,1.0,6996.09,West,Surat,Credit Card,6996.09,2025-02,2025
ORD101124,C1022,2025-04-22,Smartwatch,Electronics,2.0,6845.58,South,Vijayawada,UPI,13691.16,2025-04,2025
ORD101125,C1160,2025-10-09,Bookshelf,Furniture,2.0,6526.9,South,Bengaluru,Debit Card,13053.8,2025-10,2025
ORD101126,C1154,2025-06-25,Headphones,Electronics,2.0,3729.59,South,Bengaluru,UPI,7459.18,2025-06,2025
ORD101127,C1016,2025-12-20,Mouse,Accessories,1.0,863.04,East,Ranchi,Credit Card,863.04,2025-12,2025
ORD101128,C1292,2025-01-09,Backpack,Fashion,1.0,2250.3,West,Surat,Credit Card,2250.3,2025-01,2025
ORD101129,C1163,2025-11-23,Desk,Furniture,1.0,12159.34,North,Chandigarh,Cash on Delivery,12159.34,2025-11,2025
ORD101130,C1125,2025-03-15,Laptop,Electronics,1.0,55421.87,North,Lucknow,Debit Card,55421.87,2025-03,2025
ORD101131,C1230,2025-07-30,Keyboard,Accessories,2.0,1673.52,North,Jaipur,Credit Card,3347.04,2025-07,2025
ORD101132,C1132,2025-05-08,Smartphone,Electronics,2.0,29551.25,West,Pune,UPI,59102.5,2025-05,2025
ORD101133,C1271,2025-07-05,Smartphone,Electronics,2.0,28248.74,West,Ahmedabad,UPI,56497.48,2025-07,2025
ORD101134,C1173,2025-04-18,Smartphone,Electronics,1.0,28734.69,South,Hyderabad,UPI,28734.69,2025-04,2025
ORD101135,C1149,2025-09-06,Laptop,Electronics,2.0,58960.47,West,Surat,Debit Card,117920.94,2025-09,2025
ORD101136,C1176,2025-09-23,Coffee Maker,Home Appliances,1.0,6090.05,South,Bengaluru,UPI,6090.05,2025-09,2025
ORD101137,C1231,2025-05-15,Coffee Maker,Home Appliances,1.0,6987.85,South,Hyderabad,Cash on Delivery,6987.85,2025-05,2025
ORD101138,C1006,2025-09-26,Keyboard,Accessories,2.0,1816.8,South,Chennai,Net Banking,3633.6,2025-09,2025
ORD101139,C1091,2025-02-14,T-Shirt,Fashion,1.0,1222.73,West,Ahmedabad,Cash on Delivery,1222.73,2025-02,2025
ORD101140,C1345,2025-05-08,Keyboard,Accessories,1.0,1839.22,South,Chennai,Net Banking,1839.22,2025-05,2025
ORD101141,C1211,2025-04-04,T-Shirt,Fashion,2.0,1169.14,East,Patna,UPI,2338.28,2025-04,2025
ORD101142,C1349,2025-05-07,Running Shoes,Fashion,1.0,4826.52,North,Delhi,UPI,4826.52,2025-05,2025
ORD101143,C1082,2025-10-18,Backpack,Fashion,1.0,2142.6,North,Lucknow,UPI,2142.6,2025-10,2025
ORD101144,C1030,2025-05-16,Backpack,Fashion,1.0,2342.83,South,Bengaluru,UPI,2342.83,2025-05,2025
ORD101145,C1227,2025-06-24,Office Chair,Furniture,2.0,7879.05,North,Lucknow,Credit Card,15758.1,2025-06,2025
ORD101146,C1080,2025-02-21,Desk,Furniture,1.0,11712.27,West,Ahmedabad,Credit Card,11712.27,2025-02,2025
ORD101147,C1023,2025-12-20,Bookshelf,Furniture,2.0,6093.07,South,Bengaluru,Debit Card,12186.14,2025-12,2025
ORD101148,Unknown,2025-11-20,Desk,Furniture,4.0,12877.52,East,Bhubaneswar,UPI,51510.08,2025-11,2025
ORD101149,C1023,2025-12-23,Coffee Maker,Home Appliances,2.0,6314.65,West,Ahmedabad,UPI,12629.3,2025-12,2025
ORD101150,C1211,2025-11-12,Smartwatch,Electronics,4.0,6455.51,South,Bengaluru,Cash on Delivery,25822.04,2025-11,2025
ORD101151,C1168,2025-01-27,Office Chair,Furniture,2.0,8251.35,North,Jaipur,Net Banking,16502.7,2025-01,2025
ORD101152,C1262,2025-06-09,Keyboard,Accessories,5.0,1762.65,East,Patna,Credit Card,8813.25,2025-06,2025
ORD101153,C1123,2025-12-03,Backpack,Fashion,2.0,2335.78,West,Ahmedabad,Debit Card,4671.56,2025-12,2025
ORD101154,C1148,2025-08-03,Smartphone,Electronics,2.0,29303.68,West,Pune,Credit Card,58607.36,2025-08,2025
ORD101155,C1109,2025-02-09,Backpack,Fashion,1.0,2345.07,South,Chennai,Cash on Delivery,2345.07,2025-02,2025
ORD101156,C1226,2025-09-08,T-Shirt,Fashion,2.0,1237.8,West,Mumbai,Debit Card,2475.6,2025-09,2025
ORD101157,C1248,2025-04-06,Laptop,Electronics,1.0,52983.26,West,Surat,Credit Card,52983.26,2025-04,2025
ORD101158,C1254,2025-11-07,Desk,Furniture,1.0,12525.88,West,Ahmedabad,Debit Card,12525.88,2025-11,2025
ORD101159,Unknown,2025-05-19,Bookshelf,Furniture,2.0,6985.76,East,Patna,Debit Card,13971.52,2025-05,2025
ORD101160,C1128,2025-02-21,Office Chair,Furniture,1.0,8568.05,North,Lucknow,Net Banking,8568.05,2025-02,2025
ORD101161,C1034,2025-09-01,Keyboard,Accessories,2.0,1770.05,South,Chennai,Credit Card,3540.1,2025-09,2025
ORD101162,C1271,2025-09-26,Smartwatch,Electronics,2.0,7075.44,South,Hyderabad,UPI,14150.88,2025-09,2025
ORD101163,C1288,2025-09-15,T-Shirt,Fashion,2.0,1109.21,East,Kolkata,UPI,2218.42,2025-09,2025
ORD101164,C1097,2025-07-28,Coffee Maker,Home Appliances,4.0,6984.2,West,Surat,Debit Card,27936.8,2025-07,2025
ORD101165,C1002,2025-01-29,Bookshelf,Furniture,2.0,6036.73,West,Pune,UPI,12073.46,2025-01,2025
ORD101166,C1279,2025-10-10,Air Fryer,Home Appliances,3.0,7823.25,South,Bengaluru,Net Banking,23469.75,2025-10,2025
ORD101167,C1261,2025-05-26,Air Fryer,Home Appliances,3.0,8102.08,North,Lucknow,Net Banking,24306.239999999998,2025-05,2025
ORD101168,C1285,2025-11-02,Desk,Furniture,3.0,11912.57,North,Lucknow,UPI,35737.71,2025-11,2025
ORD101169,C1002,2025-08-04,Smartwatch,Electronics,1.0,7533.73,North,Delhi,Debit Card,7533.73,2025-08,2025
ORD101170,C1010,2025-07-11,Coffee Maker,Home Appliances,1.0,6008.37,East,Kolkata,Credit Card,6008.37,2025-07,2025
ORD101171,C1036,2025-08-06,Desk,Furniture,1.0,11966.79,East,Ranchi,Credit Card,11966.79,2025-08,2025
ORD101172,C1001,2025-10-23,Keyboard,Accessories,2.0,1915.11,South,Hyderabad,Unknown,3830.22,2025-10,2025
ORD101173,C1036,2025-03-07,Keyboard,Accessories,1.0,1836.26,South,Bengaluru,Debit Card,1836.26,2025-03,2025
ORD101174,C1030,2025-05-28,Smartwatch,Electronics,2.0,6661.08,East,Ranchi,UPI,13322.16,2025-05,2025
ORD101175,C1179,2025-06-02,Smartphone,Electronics,1.0,27219.55,East,Ranchi,UPI,27219.55,2025-06,2025
ORD101176,C1044,2025-01-15,Bookshelf,Furniture,1.0,6426.55,South,Vijayawada,Credit Card,6426.55,2025-01,2025
ORD101177,C1060,2025-06-11,Keyboard,Accessories,2.0,1773.11,South,Vijayawada,UPI,3546.22,2025-06,2025
ORD101178,C1252,2025-11-19,Smartphone,Electronics,1.0,29389.74,South,Chennai,Cash on Delivery,29389.74,2025-11,2025
ORD101179,C1107,2025-08-12,Mouse,Accessories,2.0,859.25,West,Pune,Credit Card,1718.5,2025-08,2025
ORD101180,C1041,2025-05-26,Smartwatch,Electronics,1.0,7552.68,North,Chandigarh,Cash on Delivery,7552.68,2025-05,2025
ORD101181,C1222,2025-12-09,Coffee Maker,Home Appliances,3.0,6196.5,East,Ranchi,Debit Card,18589.5,2025-12,2025
ORD101182,C1168,2025-05-22,Headphones,Electronics,1.0,3403.75,South,Hyderabad,Credit Card,3403.75,2025-05,2025
ORD101183,C1168,2025-08-14,Backpack,Fashion,2.0,2116.75,West,Surat,UPI,4233.5,2025-08,2025
ORD101184,C1201,2025-10-30,Smartphone,Electronics,1.0,26907.4,South,Bengaluru,UPI,26907.4,2025-10,2025
ORD101185,C1119,2025-02-27,Coffee Maker,Home Appliances,2.0,6570.92,South,Chennai,UPI,13141.84,2025-02,2025
ORD101186,C1283,2025-10-11,Air Fryer,Home Appliances,2.0,7839.12,West,Surat,Net Banking,15678.24,2025-10,2025
ORD101187,C1140,2025-10-06,Backpack,Fashion,1.0,2253.45,West,Pune,UPI,2253.45,2025-10,2025
ORD101188,C1111,2025-11-17,Keyboard,Accessories,1.0,1943.35,East,Ranchi,Credit Card,1943.35,2025-11,2025
ORD101189,C1046,2025-12-08,Mixer Grinder,Home Appliances,1.0,5337.77,South,Vijayawada,Credit Card,5337.77,2025-12,2025
ORD101190,C1249,2025-04-09,Laptop,Electronics,1.0,52648.04,West,Pune,UPI,52648.04,2025-04,2025
ORD101191,C1299,2025-10-17,Running Shoes,Fashion,2.0,4208.31,West,Pune,Debit Card,8416.62,2025-10,2025
ORD101192,C1196,2025-03-18,Headphones,Electronics,2.0,3556.5,West,Pune,Debit Card,7113.0,2025-03,2025
ORD101193,C1300,2025-05-18,Laptop,Electronics,3.0,57149.61,West,Surat,Cash on Delivery,171448.83000000002,2025-05,2025
ORD101194,C1200,2025-03-05,Office Chair,Furniture,2.0,8431.04,South,Bengaluru,Debit Card,16862.08,2025-03,2025
ORD101195,C1188,2025-06-29,Laptop,Electronics,2.0,52331.83,North,Chandigarh,UPI,104663.66,2025-06,2025
ORD101196,C1126,2025-11-02,Headphones,Electronics,2.0,3583.71,North,Lucknow,UPI,7167.42,2025-11,2025
ORD101197,C1091,2025-06-12,Mouse,Accessories,4.0,874.81,East,Kolkata,Credit Card,3499.24,2025-06,2025
ORD101198,C1092,2025-12-30,Mouse,Accessories,1.0,886.0,North,Lucknow,UPI,886.0,2025-12,2025
ORD101199,C1194,2025-09-10,Keyboard,Accessories,2.0,1734.01,West,Mumbai,Credit Card,3468.02,2025-09,2025
ORD101200,C1247,2025-04-03,Mouse,Accessories,1.0,955.28,East,Ranchi,Debit Card,955.28,2025-04,2025
ORD101201,C1213,2025-11-16,Smartphone,Electronics,1.0,30160.28,North,Jaipur,Credit Card,30160.28,2025-11,2025
ORD101202,C1180,2025-07-30,Running Shoes,Fashion,1.0,4588.82,South,Hyderabad,Debit Card,4588.82,2025-07,2025
ORD101203,C1242,2025-11-29,Bookshelf,Furniture,3.0,6050.99,West,Ahmedabad,Debit Card,18152.97,2025-11,2025
ORD101204,C1184,2025-02-27,Air Fryer,Home Appliances,1.0,7423.28,South,Chennai,UPI,7423.28,2025-02,2025
ORD101205,C1068,2025-11-08,Desk,Furniture,1.0,11653.04,South,Hyderabad,Cash on Delivery,11653.04,2025-11,2025
ORD101206,C1213,2025-10-07,Bookshelf,Furniture,1.0,6368.81,South,Chennai,Debit Card,6368.81,2025-10,2025
ORD101207,C1200,2025-12-14,Bookshelf,Furniture,1.0,6860.36,West,Pune,UPI,6860.36,2025-12,2025
ORD101208,C1308,2025-02-21,Office Chair,Furniture,1.0,9162.59,East,Patna,UPI,9162.59,2025-02,2025
ORD101209,C1299,2025-04-17,Mixer Grinder,Home Appliances,2.0,5211.6,West,Surat,Credit Card,10423.2,2025-04,2025
ORD101210,C1250,2025-11-24,T-Shirt,Fashion,1.0,1278.34,South,Hyderabad,UPI,1278.34,2025-11,2025
ORD101211,C1197,2025-10-04,Coffee Maker,Home Appliances,2.0,6003.3,East,Ranchi,UPI,12006.6,2025-10,2025
ORD101212,C1302,2025-04-08,Bookshelf,Furniture,4.0,6352.11,West,Pune,Net Banking,25408.44,2025-04,2025
ORD101213,C1138,2025-01-30,Mouse,Accessories,2.0,936.99,South,Bengaluru,Debit Card,1873.98,2025-01,2025
ORD101214,C1056,2025-09-22,Backpack,Fashion,2.0,2054.23,West,Ahmedabad,UPI,4108.46,2025-09,2025
ORD101215,C1201,2025-05-01,Headphones,Electronics,3.0,3285.36,East,Ranchi,UPI,9856.08,2025-05,2025
ORD101216,C1227,2025-07-15,Headphones,Electronics,3.0,3300.89,South,Chennai,Cash on Delivery,9902.67,2025-07,2025
ORD101217,C1160,2025-03-18,Running Shoes,Fashion,3.0,4603.02,South,Hyderabad,Debit Card,13809.060000000001,2025-03,2025
ORD101218,C1026,2025-01-11,Smartphone,Electronics,2.0,27786.96,North,Chandigarh,Debit Card,55573.92,2025-01,2025
ORD101219,C1141,2025-02-15,Coffee Maker,Home Appliances,1.0,6271.24,North,Delhi,Credit Card,6271.24,2025-02,2025
ORD101220,C1161,2025-01-09,Keyboard,Accessories,3.0,1935.6,South,Chennai,UPI,5806.799999999999,2025-01,2025
ORD101221,C1256,2025-10-26,Smartwatch,Electronics,1.0,7481.87,South,Bengaluru,UPI,7481.87,2025-10,2025
ORD101222,C1075,2025-08-02,Headphones,Electronics,1.0,3458.76,North,Chandigarh,Net Banking,3458.76,2025-08,2025
ORD101223,C1225,2025-03-14,Office Chair,Furniture,1.0,9046.35,West,Unknown,Credit Card,9046.35,2025-03,2025
ORD101224,C1308,2025-08-19,Laptop,Electronics,2.0,53108.47,East,Kolkata,UPI,106216.94,2025-08,2025
ORD101225,C1093,2025-07-25,Mouse,Accessories,1.0,896.65,North,Jaipur,UPI,896.65,2025-07,2025
ORD101226,C1172,2025-02-12,Smartphone,Electronics,4.0,28337.81,South,Bengaluru,Credit Card,113351.24,2025-02,2025
ORD101227,C1168,2025-07-28,Mixer Grinder,Home Appliances,1.0,5329.71,South,Hyderabad,Debit Card,5329.71,2025-07,2025
ORD101228,C1060,2025-12-15,T-Shirt,Fashion,1.0,1121.56,East,Ranchi,Debit Card,1121.56,2025-12,2025
ORD101229,C1188,2025-11-15,Office Chair,Furniture,1.0,8962.86,East,Ranchi,Net Banking,8962.86,2025-11,2025
ORD101230,C1150,2025-06-05,Keyboard,Accessories,1.0,1931.68,South,Hyderabad,UPI,1931.68,2025-06,2025
ORD101231,C1042,2025-07-12,Backpack,Fashion,4.0,2046.07,North,Jaipur,Debit Card,8184.28,2025-07,2025
ORD101232,C1092,2025-11-29,Office Chair,Furniture,1.0,8124.96,South,Hyderabad,UPI,8124.96,2025-11,2025
ORD101233,C1137,2025-06-16,Smartphone,Electronics,3.0,29784.1,West,Mumbai,UPI,89352.29999999999,2025-06,2025
ORD101234,C1113,2025-03-03,Running Shoes,Fashion,2.0,4323.44,West,Surat,Credit Card,8646.88,2025-03,2025
ORD101235,C1207,2025-11-27,Smartwatch,Electronics,4.0,7084.68,South,Hyderabad,UPI,28338.72,2025-11,2025
ORD101236,C1231,2025-08-16,Mixer Grinder,Home Appliances,1.0,5279.04,West,Surat,Net Banking,5279.04,2025-08,2025
ORD101237,C1037,2025-02-25,Office Chair,Furniture,1.0,7951.27,East,Kolkata,UPI,7951.27,2025-02,2025
ORD101238,C1348,2025-09-10,Smartphone,Electronics,2.0,26596.53,North,Jaipur,UPI,53193.06,2025-09,2025
ORD101239,C1251,2025-09-25,Keyboard,Accessories,3.0,1842.59,East,Patna,UPI,5527.7699999999995,2025-09,2025
ORD101240,C1079,2025-02-05,Air Fryer,Home Appliances,1.0,7622.48,North,Delhi,Net Banking,7622.48,2025-02,2025
ORD101241,C1017,2025-09-19,Mouse,Accessories,2.0,850.19,East,Ranchi,Debit Card,1700.38,2025-09,2025
ORD101242,C1084,2025-07-15,Coffee Maker,Home Appliances,1.0,6488.72,North,Lucknow,UPI,6488.72,2025-07,2025
ORD101243,C1256,2025-07-03,Keyboard,Accessories,4.0,1811.08,West,Pune,Net Banking,7244.32,2025-07,2025
ORD101244,C1014,2025-09-28,Mixer Grinder,Home Appliances,1.0,5260.26,West,Mumbai,Net Banking,5260.26,2025-09,2025
ORD101245,C1274,2025-12-07,Backpack,Fashion,1.0,2087.43,South,Vijayawada,Credit Card,2087.43,2025-12,2025
ORD101246,C1136,2025-05-18,Mouse,Accessories,1.0,894.36,East,Kolkata,Credit Card,894.36,2025-05,2025
ORD101247,C1177,2025-07-12,Laptop,Electronics,1.0,58593.37,South,Chennai,Net Banking,58593.37,2025-07,2025
ORD101248,C1093,2025-05-25,Laptop,Electronics,1.0,57555.64,West,Ahmedabad,UPI,57555.64,2025-05,2025
ORD101249,C1267,2025-04-08,Desk,Furniture,4.0,12959.96,South,Bengaluru,UPI,51839.84,2025-04,2025
ORD101250,C1232,2025-07-18,Laptop,Electronics,1.0,55020.05,West,Surat,UPI,55020.05,2025-07,2025
ORD101251,C1187,2025-12-26,Smartphone,Electronics,1.0,27748.18,West,Ahmedabad,Debit Card,27748.18,2025-12,2025
ORD101252,C1212,2025-02-17,Mouse,Accessories,2.0,912.04,East,Ranchi,Credit Card,1824.08,2025-02,2025
ORD101253,C1305,2025-01-18,Keyboard,Accessories,2.0,1803.59,West,Mumbai,Debit Card,3607.18,2025-01,2025
ORD101254,C1162,2025-01-14,Air Fryer,Home Appliances,1.0,7615.04,South,Chennai,UPI,7615.04,2025-01,2025
ORD101255,C1135,2025-09-19,Keyboard,Accessories,3.0,1878.13,South,Bengaluru,UPI,5634.39,2025-09,2025
ORD101256,C1117,2025-04-04,T-Shirt,Fashion,1.0,1112.74,South,Bengaluru,Cash on Delivery,1112.74,2025-04,2025
ORD101257,C1332,2025-06-18,Running Shoes,Fashion,1.0,4333.02,East,Patna,Credit Card,4333.02,2025-06,2025
ORD101258,C1187,2025-06-22,Smartwatch,Electronics,2.0,6781.99,East,Patna,UPI,13563.98,2025-06,2025
ORD101259,C1105,2025-09-02,Keyboard,Accessories,3.0,1849.33,South,Bengaluru,UPI,5547.99,2025-09,2025
ORD101260,C1299,2025-08-14,Running Shoes,Fashion,1.0,4371.52,East,Patna,Net Banking,4371.52,2025-08,2025
ORD101261,C1104,2025-02-01,Air Fryer,Home Appliances,1.0,7725.12,South,Vijayawada,Net Banking,7725.12,2025-02,2025
ORD101262,C1228,2025-02-11,Bookshelf,Furniture,3.0,6995.74,West,Mumbai,Cash on Delivery,20987.22,2025-02,2025
ORD101263,C1316,2025-07-15,Running Shoes,Fashion,1.0,4846.45,North,Delhi,UPI,4846.45,2025-07,2025
ORD101264,C1057,2025-07-28,T-Shirt,Fashion,1.0,1266.61,North,Delhi,Debit Card,1266.61,2025-07,2025
ORD101265,C1217,2025-09-28,Office Chair,Furniture,1.0,9176.86,North,Lucknow,Credit Card,9176.86,2025-09,2025
ORD101266,C1216,2025-03-21,Laptop,Electronics,3.0,57738.43,East,Bhubaneswar,Net Banking,173215.29,2025-03,2025
ORD101267,C1350,2025-01-14,Running Shoes,Fashion,1.0,4572.0,West,Pune,Cash on Delivery,4572.0,2025-01,2025
ORD101268,C1273,2025-09-09,Laptop,Electronics,3.0,59273.59,West,Ahmedabad,UPI,177820.77,2025-09,2025
ORD101269,C1234,2025-02-06,Mouse,Accessories,2.0,934.88,East,Bhubaneswar,Credit Card,1869.76,2025-02,2025
ORD101270,C1255,2025-03-08,Keyboard,Accessories,1.0,1853.23,East,Bhubaneswar,Net Banking,1853.23,2025-03,2025
ORD101271,C1147,2025-12-27,Backpack,Fashion,1.0,2072.6,West,Pune,UPI,2072.6,2025-12,2025
ORD101272,C1179,2025-06-30,Headphones,Electronics,1.0,3689.45,East,Ranchi,Debit Card,3689.45,2025-06,2025
ORD101273,C1174,2025-09-12,Bookshelf,Furniture,1.0,5982.68,West,Surat,Cash on Delivery,5982.68,2025-09,2025
ORD101274,C1115,2025-01-20,Backpack,Fashion,1.0,2346.07,North,Lucknow,Debit Card,2346.07,2025-01,2025
ORD101275,C1111,2025-12-24,Coffee Maker,Home Appliances,1.0,6380.4,South,Hyderabad,Debit Card,6380.4,2025-12,2025
ORD101276,C1075,2025-06-24,T-Shirt,Fashion,2.0,1111.8,South,Vijayawada,Debit Card,2223.6,2025-06,2025
ORD101277,C1148,2025-10-12,Smartwatch,Electronics,1.0,7057.16,West,Surat,Cash on Delivery,7057.16,2025-10,2025
ORD101278,C1271,2025-10-19,Air Fryer,Home Appliances,1.0,7738.69,East,Patna,UPI,7738.69,2025-10,2025
ORD101279,C1328,2025-10-19,Office Chair,Furniture,5.0,8056.47,North,Lucknow,Credit Card,40282.35,2025-10,2025
ORD101280,C1320,2025-03-17,Mouse,Accessories,1.0,966.77,North,Jaipur,Cash on Delivery,966.77,2025-03,2025
ORD101281,C1009,2025-10-17,Mouse,Accessories,1.0,950.51,West,Surat,Net Banking,950.51,2025-10,2025
ORD101282,C1012,2025-01-17,Coffee Maker,Home Appliances,1.0,6363.37,West,Pune,Credit Card,6363.37,2025-01,2025
ORD101283,C1112,2025-04-24,Desk,Furniture,1.0,12161.55,South,Chennai,Net Banking,12161.55,2025-04,2025
ORD101284,C1194,2025-12-28,Smartwatch,Electronics,1.0,7031.63,West,Mumbai,Debit Card,7031.63,2025-12,2025
ORD101285,C1131,2025-07-29,Laptop,Electronics,1.0,54674.54,North,Jaipur,Debit Card,54674.54,2025-07,2025
ORD101286,C1096,2025-03-19,Laptop,Electronics,1.0,52674.79,West,Pune,UPI,52674.79,2025-03,2025
ORD101287,C1069,2025-06-05,Laptop,Electronics,2.0,54452.55,East,Patna,Net Banking,108905.1,2025-06,2025
ORD101288,C1042,2025-11-26,Smartwatch,Electronics,3.0,6880.36,North,Delhi,UPI,20641.079999999998,2025-11,2025
ORD101289,C1118,2025-02-24,Air Fryer,Home Appliances,2.0,7722.83,South,Hyderabad,UPI,15445.66,2025-02,2025
ORD101290,C1033,2025-04-03,Smartphone,Electronics,2.0,27732.79,North,Chandigarh,Credit Card,55465.58,2025-04,2025
ORD101291,C1276,2025-03-22,Backpack,Fashion,3.0,2344.62,North,Lucknow,Credit Card,7033.86,2025-03,2025
ORD101292,C1300,2025-06-12,Laptop,Electronics,1.0,57744.25,West,Ahmedabad,UPI,57744.25,2025-06,2025
ORD101293,C1043,2025-08-02,Headphones,Electronics,1.0,3729.04,East,Ranchi,UPI,3729.04,2025-08,2025
ORD101294,C1090,2025-10-01,Keyboard,Accessories,1.0,1927.32,West,Pune,UPI,1927.32,2025-10,2025
ORD101295,C1343,2025-04-06,Desk,Furniture,2.0,11764.74,South,Hyderabad,Debit Card,23529.48,2025-04,2025
ORD101296,C1240,2025-04-23,Office Chair,Furniture,1.0,9115.57,South,Bengaluru,Credit Card,9115.57,2025-04,2025
ORD101297,C1268,2025-01-29,Office Chair,Furniture,1.0,8781.08,East,Kolkata,UPI,8781.08,2025-01,2025
ORD101298,C1243,2025-06-15,Office Chair,Furniture,1.0,9132.58,South,Hyderabad,Net Banking,9132.58,2025-06,2025
ORD101299,C1062,2025-11-08,T-Shirt,Fashion,2.0,1200.11,South,Hyderabad,Credit Card,2400.22,2025-11,2025
ORD101300,C1133,2025-01-17,Mixer Grinder,Home Appliances,1.0,5512.83,West,Ahmedabad,UPI,5512.83,2025-01,2025
ORD101301,C1078,2025-02-09,Bookshelf,Furniture,1.0,6482.73,East,Kolkata,Debit Card,6482.73,2025-02,2025
ORD101302,C1047,2025-10-16,Desk,Furniture,4.0,11098.77,South,Vijayawada,Credit Card,44395.08,2025-10,2025
ORD101303,C1194,2025-01-04,T-Shirt,Fashion,2.0,1165.13,South,Hyderabad,Debit Card,2330.26,2025-01,2025
ORD101304,C1112,2025-12-07,Mouse,Accessories,2.0,911.24,North,Chandigarh,UPI,1822.48,2025-12,2025
ORD101305,C1282,2025-05-27,Backpack,Fashion,3.0,2075.6,South,Vijayawada,UPI,6226.799999999999,2025-05,2025
ORD101306,C1212,2025-05-02,Headphones,Electronics,1.0,3608.18,West,Surat,UPI,3608.18,2025-05,2025
ORD101307,C1307,2025-12-04,Smartwatch,Electronics,2.0,6806.47,West,Pune,UPI,13612.94,2025-12,2025
ORD101308,C1178,2025-02-13,T-Shirt,Fashion,1.0,1157.12,West,Mumbai,UPI,1157.12,2025-02,2025
ORD101309,C1204,2025-03-09,Office Chair,Furniture,2.0,8962.08,West,Mumbai,Credit Card,17924.16,2025-03,2025
ORD101310,C1295,2025-09-28,Laptop,Electronics,1.0,52731.61,West,Pune,Debit Card,52731.61,2025-09,2025
ORD101311,C1262,2025-02-03,Coffee Maker,Home Appliances,1.0,6499.96,South,Hyderabad,Credit Card,6499.96,2025-02,2025
ORD101312,C1012,2025-11-10,Keyboard,Accessories,2.0,1855.93,South,Bengaluru,UPI,3711.86,2025-11,2025
ORD101313,C1227,2025-01-14,Bookshelf,Furniture,2.0,6108.65,South,Chennai,Debit Card,12217.3,2025-01,2025
ORD101314,C1116,2025-02-07,Laptop,Electronics,1.0,50858.8,East,Ranchi,Debit Card,50858.8,2025-02,2025
ORD101315,C1248,2025-04-08,Smartphone,Electronics,1.0,26742.67,North,Delhi,Debit Card,26742.67,2025-04,2025
ORD101316,C1135,2025-11-28,Smartphone,Electronics,1.0,26430.61,East,Patna,Debit Card,26430.61,2025-11,2025
ORD101317,C1126,2025-05-11,Office Chair,Furniture,4.0,8234.89,South,Hyderabad,Debit Card,32939.56,2025-05,2025
ORD101318,C1217,2025-05-19,Coffee Maker,Home Appliances,4.0,6175.09,West,Surat,Net Banking,24700.36,2025-05,2025
ORD101319,C1144,2025-09-12,Laptop,Electronics,5.0,51840.69,North,Lucknow,Net Banking,259203.45,2025-09,2025
ORD101320,C1326,2025-10-26,Air Fryer,Home Appliances,3.0,7239.59,East,Ranchi,Credit Card,21718.77,2025-10,2025
ORD101321,C1296,2025-01-29,Backpack,Fashion,3.0,2226.72,North,Lucknow,UPI,6680.16,2025-01,2025
ORD101322,C1104,2025-10-17,Keyboard,Accessories,1.0,1855.54,North,Delhi,Credit Card,1855.54,2025-10,2025
ORD101323,C1076,2025-02-20,Coffee Maker,Home Appliances,2.0,6297.89,South,Bengaluru,UPI,12595.78,2025-02,2025
ORD101324,C1241,2025-01-27,Laptop,Electronics,1.0,53791.82,West,Mumbai,Credit Card,53791.82,2025-01,2025
ORD101325,C1101,2025-11-18,Desk,Furniture,4.0,11834.65,South,Hyderabad,Net Banking,47338.6,2025-11,2025
ORD101326,C1294,2025-08-08,Bookshelf,Furniture,3.0,6040.88,West,Ahmedabad,Debit Card,18122.64,2025-08,2025
ORD101327,C1050,2025-09-16,Mouse,Accessories,1.0,963.51,South,Chennai,UPI,963.51,2025-09,2025
ORD101328,C1179,2025-09-05,Keyboard,Accessories,1.0,1890.47,West,Ahmedabad,Net Banking,1890.47,2025-09,2025
ORD101329,C1184,2025-06-29,Mixer Grinder,Home Appliances,2.0,4908.82,South,Bengaluru,UPI,9817.64,2025-06,2025
ORD101330,C1317,2025-06-01,Smartwatch,Electronics,3.0,7513.36,East,Ranchi,Credit Card,22540.079999999998,2025-06,2025
ORD101331,C1269,2025-08-09,T-Shirt,Fashion,4.0,1290.78,East,Bhubaneswar,UPI,5163.12,2025-08,2025
ORD101332,C1197,2025-03-09,Mixer Grinder,Home Appliances,2.0,5497.26,East,Ranchi,Cash on Delivery,10994.52,2025-03,2025
ORD101333,C1048,2025-05-06,Keyboard,Accessories,1.0,1753.66,East,Kolkata,Credit Card,1753.66,2025-05,2025
ORD101334,C1098,2025-12-13,Headphones,Electronics,2.0,3722.73,East,Kolkata,UPI,7445.46,2025-12,2025
ORD101335,C1295,2025-05-28,Mixer Grinder,Home Appliances,2.0,5462.37,West,Surat,Credit Card,10924.74,2025-05,2025
ORD101336,C1001,2025-03-23,Keyboard,Accessories,2.0,1760.09,West,Surat,UPI,3520.18,2025-03,2025
ORD101337,C1069,2025-08-28,Desk,Furniture,1.0,12241.12,West,Surat,UPI,12241.12,2025-08,2025
ORD101338,C1136,2025-09-20,Keyboard,Accessories,1.0,1796.29,North,Chandigarh,Debit Card,1796.29,2025-09,2025
ORD101339,C1198,2025-02-22,Keyboard,Accessories,2.0,1761.07,West,Surat,UPI,3522.14,2025-02,2025
ORD101340,C1030,2025-12-10,Office Chair,Furniture,1.0,8489.24,East,Kolkata,Net Banking,8489.24,2025-12,2025
ORD101341,Unknown,2025-06-04,Backpack,Fashion,3.0,2185.14,North,Delhi,UPI,6555.42,2025-06,2025
ORD101342,C1138,2025-11-26,T-Shirt,Fashion,2.0,1236.9,East,Patna,Debit Card,2473.8,2025-11,2025
ORD101343,C1202,2025-01-13,Bookshelf,Furniture,4.0,6592.2,West,Surat,UPI,26368.8,2025-01,2025
ORD101344,C1191,2025-03-09,Air Fryer,Home Appliances,2.0,7466.83,East,Patna,Debit Card,14933.66,2025-03,2025
ORD101345,C1044,2025-11-08,Office Chair,Furniture,1.0,8381.6,South,Vijayawada,Cash on Delivery,8381.6,2025-11,2025
ORD101346,C1345,2025-10-19,Laptop,Electronics,1.0,54552.31,North,Jaipur,Credit Card,54552.31,2025-10,2025
ORD101347,C1074,2025-08-09,Coffee Maker,Home Appliances,5.0,7008.63,South,Bengaluru,Credit Card,35043.15,2025-08,2025
ORD101348,C1329,2025-11-22,Keyboard,Accessories,1.0,1891.77,West,Mumbai,UPI,1891.77,2025-11,2025
ORD101349,C1093,2025-02-08,Backpack,Fashion,1.0,2046.91,South,Chennai,Cash on Delivery,2046.91,2025-02,2025
ORD101350,C1159,2025-05-08,Office Chair,Furniture,1.0,8539.44,East,Kolkata,Cash on Delivery,8539.44,2025-05,2025
ORD101351,C1245,2025-03-24,Coffee Maker,Home Appliances,2.0,6734.75,South,Bengaluru,UPI,13469.5,2025-03,2025
ORD101352,C1104,2025-07-23,Coffee Maker,Home Appliances,2.0,6606.28,East,Bhubaneswar,UPI,13212.56,2025-07,2025
ORD101353,C1204,2025-03-24,Air Fryer,Home Appliances,1.0,8346.26,West,Surat,UPI,8346.26,2025-03,2025
ORD101354,C1249,2025-12-06,Smartwatch,Electronics,1.0,7088.19,West,Pune,UPI,7088.19,2025-12,2025
ORD101355,C1214,2025-03-19,Bookshelf,Furniture,1.0,6706.45,North,Chandigarh,Credit Card,6706.45,2025-03,2025
ORD101356,C1091,2025-10-22,Air Fryer,Home Appliances,3.0,8204.68,East,Patna,Credit Card,24614.04,2025-10,2025
ORD101357,C1099,2025-03-01,Keyboard,Accessories,2.0,1749.16,South,Hyderabad,UPI,3498.32,2025-03,2025
ORD101358,C1090,2025-12-03,Mouse,Accessories,2.0,912.03,South,Chennai,UPI,1824.06,2025-12,2025
ORD101359,C1201,2025-09-08,Headphones,Electronics,2.0,3511.51,South,Vijayawada,Net Banking,7023.02,2025-09,2025
ORD101360,C1085,2025-10-04,Smartwatch,Electronics,3.0,6680.51,East,Patna,UPI,20041.53,2025-10,2025
ORD101361,C1134,2025-12-02,T-Shirt,Fashion,1.0,1146.69,North,Jaipur,Debit Card,1146.69,2025-12,2025
ORD101362,C1338,2025-11-01,Coffee Maker,Home Appliances,1.0,6388.57,East,Patna,Debit Card,6388.57,2025-11,2025
ORD101363,C1219,2025-09-08,Smartwatch,Electronics,1.0,7440.58,North,Lucknow,Credit Card,7440.58,2025-09,2025
ORD101364,C1179,2025-11-21,Coffee Maker,Home Appliances,1.0,6765.53,North,Lucknow,UPI,6765.53,2025-11,2025
ORD101365,C1219,2025-07-01,Backpack,Fashion,1.0,2169.46,East,Bhubaneswar,Net Banking,2169.46,2025-07,2025
ORD101366,C1317,2025-11-05,Headphones,Electronics,1.0,3737.77,East,Patna,Credit Card,3737.77,2025-11,2025
ORD101367,C1008,2025-04-30,T-Shirt,Fashion,1.0,1142.92,South,Hyderabad,Cash on Delivery,1142.92,2025-04,2025
ORD101368,C1140,2025-09-19,Mixer Grinder,Home Appliances,1.0,5092.36,West,Pune,UPI,5092.36,2025-09,2025
ORD101369,C1234,2025-10-03,Mixer Grinder,Home Appliances,1.0,5593.81,East,Patna,Credit Card,5593.81,2025-10,2025
ORD101370,C1146,2025-02-15,Smartwatch,Electronics,3.0,7082.86,South,Bengaluru,Net Banking,21248.579999999998,2025-02,2025
ORD101371,C1094,2025-03-16,Bookshelf,Furniture,1.0,6937.72,West,Pune,UPI,6937.72,2025-03,2025
ORD101372,C1081,2025-02-24,Mixer Grinder,Home Appliances,4.0,5329.42,South,Hyderabad,UPI,21317.68,2025-02,2025
ORD101373,C1324,2025-12-26,Running Shoes,Fashion,3.0,4219.36,West,Surat,Credit Card,12658.079999999998,2025-12,2025
ORD101374,C1349,2025-03-06,Backpack,Fashion,1.0,2361.21,North,Lucknow,UPI,2361.21,2025-03,2025
ORD101375,C1137,2025-07-02,Laptop,Electronics,1.0,51243.38,South,Vijayawada,UPI,51243.38,2025-07,2025
ORD101376,C1241,2025-01-26,Desk,Furniture,2.0,12640.06,South,Chennai,UPI,25280.12,2025-01,2025
ORD101377,C1129,2025-07-04,Backpack,Fashion,2.0,2223.72,South,Vijayawada,UPI,4447.44,2025-07,2025
ORD101378,C1327,2025-08-11,Coffee Maker,Home Appliances,2.0,6983.12,East,Ranchi,UPI,13966.24,2025-08,2025
ORD101379,C1342,2025-04-28,Running Shoes,Fashion,1.0,4253.02,North,Lucknow,Debit Card,4253.02,2025-04,2025
ORD101380,C1324,2025-10-09,Air Fryer,Home Appliances,1.0,8108.92,North,Jaipur,UPI,8108.92,2025-10,2025
ORD101381,C1037,2025-07-31,Desk,Furniture,1.0,12008.03,West,Pune,UPI,12008.03,2025-07,2025
ORD101382,C1261,2025-12-25,Headphones,Electronics,1.0,3359.88,East,Bhubaneswar,Cash on Delivery,3359.88,2025-12,2025
ORD101384,C1077,2025-12-09,Bookshelf,Furniture,2.0,6388.84,North,Delhi,Credit Card,12777.68,2025-12,2025
ORD101385,C1130,2025-08-21,Coffee Maker,Home Appliances,2.0,6674.04,South,Vijayawada,Cash on Delivery,13348.08,2025-08,2025
ORD101386,C1072,2025-12-27,Mixer Grinder,Home Appliances,1.0,5040.51,South,Vijayawada,Credit Card,5040.51,2025-12,2025
ORD101387,C1013,2025-12-21,Mouse,Accessories,1.0,889.72,East,Ranchi,Credit Card,889.72,2025-12,2025
ORD101388,C1245,2025-11-08,Air Fryer,Home Appliances,3.0,7443.31,East,Kolkata,Credit Card,22329.93,2025-11,2025
ORD101389,C1029,2025-12-17,Running Shoes,Fashion,1.0,4600.69,North,Chandigarh,Credit Card,4600.69,2025-12,2025
ORD101390,C1141,2025-02-04,Headphones,Electronics,3.0,3281.33,West,Mumbai,Debit Card,9843.99,2025-02,2025
ORD101391,C1292,2025-07-21,Desk,Furniture,2.0,11721.2,West,Mumbai,Credit Card,23442.4,2025-07,2025
ORD101392,C1317,2025-09-15,Keyboard,Accessories,1.0,1670.62,South,Hyderabad,Net Banking,1670.62,2025-09,2025
ORD101393,C1237,2025-02-11,T-Shirt,Fashion,2.0,1256.85,South,Vijayawada,UPI,2513.7,2025-02,2025
ORD101394,C1170,2025-07-01,Office Chair,Furniture,1.0,9045.37,South,Vijayawada,UPI,9045.37,2025-07,2025
ORD101395,C1118,2025-07-19,Mouse,Accessories,1.0,937.0,East,Patna,UPI,937.0,2025-07,2025
ORD101396,C1223,2025-04-03,Keyboard,Accessories,1.0,1772.72,North,Jaipur,Credit Card,1772.72,2025-04,2025
ORD101397,C1174,2025-08-31,Smartwatch,Electronics,1.0,6913.72,East,Patna,Credit Card,6913.72,2025-08,2025
ORD101398,C1341,2025-02-18,Keyboard,Accessories,1.0,1767.13,South,Bengaluru,Credit Card,1767.13,2025-02,2025
ORD101399,C1157,2025-05-14,Backpack,Fashion,2.0,2177.1,West,Pune,Debit Card,4354.2,2025-05,2025
ORD101400,C1344,2025-11-15,Office Chair,Furniture,2.0,8849.18,North,Delhi,Debit Card,17698.36,2025-11,2025
ORD101401,C1327,2025-09-08,Office Chair,Furniture,2.0,8954.65,South,Hyderabad,Net Banking,17909.3,2025-09,2025
ORD101402,C1241,2025-12-14,Keyboard,Accessories,3.0,1852.13,West,Mumbai,Credit Card,5556.39,2025-12,2025
ORD101403,C1331,2025-08-28,Mouse,Accessories,1.0,947.19,South,Hyderabad,Net Banking,947.19,2025-08,2025
ORD101404,C1230,2025-07-12,Headphones,Electronics,1.0,3691.99,South,Chennai,Cash on Delivery,3691.99,2025-07,2025
ORD101405,C1338,2025-07-26,Headphones,Electronics,3.0,3351.04,North,Jaipur,Credit Card,10053.119999999999,2025-07,2025
ORD101406,C1268,2025-11-09,Headphones,Electronics,3.0,3581.36,South,Bengaluru,Debit Card,10744.08,2025-11,2025
ORD101407,C1268,2025-09-19,Keyboard,Accessories,4.0,1705.59,West,Pune,UPI,6822.36,2025-09,2025
ORD101408,C1152,2025-02-16,Laptop,Electronics,3.0,50794.09,North,Jaipur,Debit Card,152382.27,2025-02,2025
ORD101409,C1054,2025-12-20,Keyboard,Accessories,4.0,1682.19,West,Mumbai,Cash on Delivery,6728.76,2025-12,2025
ORD101410,C1230,2025-07-18,Desk,Furniture,4.0,12753.84,South,Bengaluru,Credit Card,51015.36,2025-07,2025
ORD101411,C1229,2025-03-23,Laptop,Electronics,2.0,58024.43,West,Surat,Credit Card,116048.86,2025-03,2025
ORD101412,C1157,2025-04-22,Laptop,Electronics,2.0,53775.32,North,Jaipur,Net Banking,107550.64,2025-04,2025
ORD101413,C1278,2025-07-06,Mixer Grinder,Home Appliances,1.0,4976.81,South,Chennai,Credit Card,4976.81,2025-07,2025
ORD101414,C1290,2025-07-29,Laptop,Electronics,1.0,52133.41,East,Bhubaneswar,Credit Card,52133.41,2025-07,2025
ORD101415,C1280,2025-04-18,Mouse,Accessories,4.0,837.13,East,Ranchi,Debit Card,3348.52,2025-04,2025
ORD101416,C1212,2025-11-24,Mouse,Accessories,1.0,955.82,East,Kolkata,Credit Card,955.82,2025-11,2025
ORD101417,C1007,2025-12-02,Laptop,Electronics,2.0,50653.61,East,Kolkata,Debit Card,101307.22,2025-12,2025
ORD101418,C1200,2025-04-16,Coffee Maker,Home Appliances,2.0,6270.54,West,Mumbai,UPI,12541.08,2025-04,2025
ORD101419,C1176,2025-10-12,Smartwatch,Electronics,1.0,7032.27,East,Ranchi,Cash on Delivery,7032.27,2025-10,2025
ORD101420,C1193,2025-12-31,Backpack,Fashion,4.0,2081.31,West,Pune,UPI,8325.24,2025-12,2025
ORD101421,C1048,2025-05-12,Desk,Furniture,4.0,11837.59,North,Lucknow,Net Banking,47350.36,2025-05,2025
ORD101422,C1225,2025-08-07,Laptop,Electronics,2.0,52929.49,West,Surat,UPI,105858.98,2025-08,2025
ORD101423,C1039,2025-10-24,Air Fryer,Home Appliances,2.0,7463.88,East,Kolkata,Cash on Delivery,14927.76,2025-10,2025
ORD101424,C1110,2025-04-15,Coffee Maker,Home Appliances,1.0,5987.76,South,Bengaluru,Cash on Delivery,5987.76,2025-04,2025
ORD101425,C1261,2025-12-02,Mixer Grinder,Home Appliances,2.0,5242.5,North,Jaipur,Debit Card,10485.0,2025-12,2025
ORD101426,C1278,2025-03-22,Mouse,Accessories,3.0,930.27,West,Ahmedabad,UPI,2790.81,2025-03,2025
ORD101427,C1107,2025-11-24,Mouse,Accessories,1.0,953.94,West,Ahmedabad,UPI,953.94,2025-11,2025
ORD101428,C1315,2025-09-03,Bookshelf,Furniture,1.0,6362.64,South,Vijayawada,Credit Card,6362.64,2025-09,2025
ORD101429,C1281,2025-12-13,Mixer Grinder,Home Appliances,2.0,5569.15,West,Ahmedabad,Credit Card,11138.3,2025-12,2025
ORD101430,C1218,2025-04-13,Office Chair,Furniture,1.0,8173.62,North,Chandigarh,UPI,8173.62,2025-04,2025
ORD101431,C1297,2025-07-13,Office Chair,Furniture,2.0,7822.55,North,Lucknow,UPI,15645.1,2025-07,2025
ORD101432,C1184,2025-01-09,Desk,Furniture,1.0,12263.81,North,Delhi,UPI,12263.81,2025-01,2025
ORD101433,C1232,2025-12-25,Mouse,Accessories,1.0,939.29,North,Chandigarh,Debit Card,939.29,2025-12,2025
ORD101434,C1105,2025-03-15,Running Shoes,Fashion,2.0,4176.43,North,Jaipur,Cash on Delivery,8352.86,2025-03,2025
ORD101435,C1092,2025-08-27,Office Chair,Furniture,1.0,8833.48,North,Lucknow,UPI,8833.48,2025-08,2025
ORD101436,C1041,2025-08-15,Smartwatch,Electronics,2.0,6518.18,West,Mumbai,Debit Card,13036.36,2025-08,2025
ORD101437,C1328,2025-02-01,Coffee Maker,Home Appliances,1.0,6735.65,West,Ahmedabad,Credit Card,6735.65,2025-02,2025
ORD101438,C1106,2025-11-08,Smartphone,Electronics,1.0,25980.81,West,Mumbai,Net Banking,25980.81,2025-11,2025
ORD101439,C1002,2025-05-19,Smartwatch,Electronics,2.0,7019.02,East,Bhubaneswar,Debit Card,14038.04,2025-05,2025
ORD101440,C1188,2025-01-05,Office Chair,Furniture,1.0,8353.64,North,Delhi,UPI,8353.64,2025-01,2025
ORD101441,C1113,2025-03-16,Smartphone,Electronics,1.0,27190.88,East,Bhubaneswar,UPI,27190.88,2025-03,2025
ORD101442,C1113,2025-04-20,Running Shoes,Fashion,1.0,4604.3,South,Hyderabad,Cash on Delivery,4604.3,2025-04,2025
ORD101443,C1066,2025-02-25,Mixer Grinder,Home Appliances,1.0,4957.03,South,Vijayawada,Unknown,4957.03,2025-02,2025
ORD101444,C1348,2025-12-04,Laptop,Electronics,1.0,53051.87,North,Lucknow,Cash on Delivery,53051.87,2025-12,2025
ORD101445,C1209,2025-04-18,Mixer Grinder,Home Appliances,1.0,5357.09,West,Mumbai,Net Banking,5357.09,2025-04,2025
ORD101446,C1045,2025-05-15,Smartphone,Electronics,5.0,26576.64,North,Delhi,Debit Card,132883.2,2025-05,2025
ORD101447,C1048,2025-03-10,Laptop,Electronics,2.0,56704.75,West,Surat,Credit Card,113409.5,2025-03,2025
ORD101448,C1274,2025-05-28,Running Shoes,Fashion,1.0,4231.75,East,Ranchi,UPI,4231.75,2025-05,2025
ORD101449,C1005,2025-03-12,Headphones,Electronics,2.0,3402.91,East,Kolkata,UPI,6805.82,2025-03,2025
ORD101450,C1058,2025-07-14,Smartphone,Electronics,1.0,27366.11,North,Chandigarh,UPI,27366.11,2025-07,2025
ORD101451,C1168,2025-05-05,Office Chair,Furniture,1.0,8287.39,North,Jaipur,Credit Card,8287.39,2025-05,2025
ORD101452,C1252,2025-08-13,Backpack,Fashion,1.0,2147.26,South,Bengaluru,UPI,2147.26,2025-08,2025
ORD101453,C1069,2025-05-15,Mouse,Accessories,1.0,831.85,West,Surat,UPI,831.85,2025-05,2025
ORD101454,C1255,2025-11-03,Smartphone,Electronics,3.0,27968.47,South,Hyderabad,Debit Card,83905.41,2025-11,2025
ORD101455,C1045,2025-02-10,T-Shirt,Fashion,5.0,1172.97,East,Patna,UPI,5864.85,2025-02,2025
ORD101456,C1268,2025-12-17,Smartphone,Electronics,1.0,27912.41,North,Delhi,UPI,27912.41,2025-12,2025
ORD101457,C1003,2025-05-28,Coffee Maker,Home Appliances,3.0,6645.12,South,Hyderabad,Debit Card,19935.36,2025-05,2025
ORD101458,C1243,2025-09-12,T-Shirt,Fashion,2.0,1181.08,West,Mumbai,Net Banking,2362.16,2025-09,2025
ORD101459,C1277,2025-10-21,Laptop,Electronics,2.0,54242.45,North,Chandigarh,Net Banking,108484.9,2025-10,2025
ORD101460,C1138,2025-02-28,Keyboard,Accessories,1.0,1703.83,South,Bengaluru,UPI,1703.83,2025-02,2025
ORD101461,C1140,2025-11-02,Air Fryer,Home Appliances,1.0,8006.57,South,Hyderabad,Credit Card,8006.57,2025-11,2025
ORD101462,C1037,2025-12-14,Smartphone,Electronics,2.0,26114.22,East,Ranchi,Cash on Delivery,52228.44,2025-12,2025
ORD101463,C1157,2025-07-04,Backpack,Fashion,2.0,2087.23,West,Ahmedabad,Debit Card,4174.46,2025-07,2025
ORD101464,C1336,2025-07-28,Keyboard,Accessories,2.0,1701.25,South,Vijayawada,UPI,3402.5,2025-07,2025
ORD101465,C1115,2025-06-05,Desk,Furniture,2.0,12305.79,South,Hyderabad,Net Banking,24611.58,2025-06,2025
ORD101466,C1196,2025-07-30,Mixer Grinder,Home Appliances,1.0,5403.29,East,Ranchi,Credit Card,5403.29,2025-07,2025
ORD101467,C1063,2025-02-28,Desk,Furniture,1.0,11824.99,West,Pune,UPI,11824.99,2025-02,2025
ORD101468,C1009,2025-10-14,Coffee Maker,Home Appliances,3.0,6551.83,South,Bengaluru,Debit Card,19655.489999999998,2025-10,2025
ORD101469,C1206,2025-05-07,Smartwatch,Electronics,3.0,7551.28,East,Ranchi,Cash on Delivery,22653.84,2025-05,2025
ORD101470,C1272,2025-03-20,Backpack,Fashion,3.0,2302.95,South,Vijayawada,Net Banking,6908.849999999999,2025-03,2025
ORD101471,C1308,2025-12-29,Laptop,Electronics,2.0,57092.68,North,Jaipur,Net Banking,114185.36,2025-12,2025
ORD101472,C1023,2025-01-06,Laptop,Electronics,1.0,58962.99,East,Patna,Credit Card,58962.99,2025-01,2025
ORD101473,C1227,2025-07-26,Backpack,Fashion,1.0,2052.73,West,Mumbai,Debit Card,2052.73,2025-07,2025
ORD101474,C1052,2025-05-10,Bookshelf,Furniture,1.0,6122.89,West,Mumbai,Credit Card,6122.89,2025-05,2025
ORD101476,C1192,2025-05-23,Keyboard,Accessories,1.0,1828.07,South,Chennai,UPI,1828.07,2025-05,2025
ORD101477,C1075,2025-07-24,Keyboard,Accessories,1.0,1715.58,East,Ranchi,Credit Card,1715.58,2025-07,2025
ORD101478,C1032,2025-05-26,Bookshelf,Furniture,1.0,6471.9,West,Surat,Credit Card,6471.9,2025-05,2025
ORD101479,C1006,2025-04-14,Desk,Furniture,2.0,12719.53,West,Pune,Debit Card,25439.06,2025-04,2025
ORD101480,C1061,2025-08-09,Mouse,Accessories,3.0,927.42,South,Bengaluru,Credit Card,2782.2599999999998,2025-08,2025
ORD101481,C1175,2025-02-23,Headphones,Electronics,2.0,3233.82,East,Patna,UPI,6467.64,2025-02,2025
ORD101482,C1275,2025-04-18,T-Shirt,Fashion,2.0,1110.92,West,Mumbai,Debit Card,2221.84,2025-04,2025
ORD101483,C1084,2025-07-27,T-Shirt,Fashion,1.0,1126.99,South,Vijayawada,UPI,1126.99,2025-07,2025
ORD101484,C1275,2025-03-06,Bookshelf,Furniture,1.0,6917.53,South,Chennai,UPI,6917.53,2025-03,2025
ORD101485,C1156,2025-11-14,Mouse,Accessories,1.0,945.15,South,Vijayawada,UPI,945.15,2025-11,2025
ORD101486,C1151,2025-10-13,Mixer Grinder,Home Appliances,2.0,5121.46,North,Jaipur,UPI,10242.92,2025-10,2025
ORD101487,C1144,2025-06-23,T-Shirt,Fashion,3.0,1247.49,South,Hyderabad,Debit Card,3742.4700000000003,2025-06,2025
ORD101488,C1263,2025-04-02,Keyboard,Accessories,1.0,1791.3,North,Delhi,Cash on Delivery,1791.3,2025-04,2025
ORD101489,C1050,2025-01-06,Mixer Grinder,Home Appliances,2.0,5018.0,North,Jaipur,Cash on Delivery,10036.0,2025-01,2025
ORD101490,C1154,2025-08-05,Running Shoes,Fashion,1.0,4152.82,East,Ranchi,Cash on Delivery,4152.82,2025-08,2025
ORD101491,C1276,2025-11-15,Running Shoes,Fashion,1.0,4690.81,South,Bengaluru,Debit Card,4690.81,2025-11,2025
ORD101492,C1104,2025-03-26,Bookshelf,Furniture,1.0,6144.21,West,Mumbai,Credit Card,6144.21,2025-03,2025
ORD101493,C1236,2025-03-20,Desk,Furniture,1.0,11754.53,East,Bhubaneswar,Debit Card,11754.53,2025-03,2025
ORD101494,C1248,2025-04-10,Backpack,Fashion,1.0,2156.08,West,Mumbai,Credit Card,2156.08,2025-04,2025
ORD101495,C1320,2025-09-21,Running Shoes,Fashion,2.0,4369.94,South,Chennai,Credit Card,8739.88,2025-09,2025
ORD101496,C1105,2025-02-17,Desk,Furniture,3.0,11148.55,North,Chandigarh,UPI,33445.649999999994,2025-02,2025
ORD101497,C1187,2025-10-12,Smartphone,Electronics,2.0,28560.49,East,Kolkata,Credit Card,57120.98,2025-10,2025
ORD101498,C1099,2025-07-03,Keyboard,Accessories,2.0,1871.59,East,Patna,Cash on Delivery,3743.18,2025-07,2025
ORD101499,C1050,2025-10-30,Smartphone,Electronics,3.0,26568.74,North,Delhi,UPI,79706.22,2025-10,2025
ORD101500,C1341,2025-02-09,Laptop,Electronics,3.0,54683.99,East,Bhubaneswar,Debit Card,164051.97,2025-02,2025
ORD101501,C1004,2025-08-30,T-Shirt,Fashion,1.0,1109.71,South,Vijayawada,Debit Card,1109.71,2025-08,2025
ORD101502,C1158,2025-09-10,Mixer Grinder,Home Appliances,2.0,4810.82,North,Delhi,Debit Card,9621.64,2025-09,2025
ORD101503,C1228,2025-03-23,Smartphone,Electronics,5.0,29543.55,South,Vijayawada,Credit Card,147717.75,2025-03,2025
ORD101504,C1319,2025-08-11,Running Shoes,Fashion,1.0,4854.84,East,Patna,Credit Card,4854.84,2025-08,2025
ORD101505,C1009,2025-12-06,Mixer Grinder,Home Appliances,2.0,5472.05,North,Lucknow,UPI,10944.1,2025-12,2025
ORD101506,C1162,2025-04-25,Mouse,Accessories,1.0,955.8,East,Bhubaneswar,UPI,955.8,2025-04,2025
ORD101507,C1039,2025-11-28,Backpack,Fashion,1.0,2039.63,West,Surat,UPI,2039.63,2025-11,2025
ORD101508,C1093,2025-06-22,T-Shirt,Fashion,1.0,1116.58,West,Pune,Credit Card,1116.58,2025-06,2025
ORD101509,C1322,2025-01-08,Office Chair,Furniture,1.0,8610.32,North,Chandigarh,Debit Card,8610.32,2025-01,2025
ORD101510,C1012,2025-03-12,Keyboard,Accessories,2.0,1942.54,East,Ranchi,Net Banking,3885.08,2025-03,2025
ORD101511,C1069,2025-04-26,Air Fryer,Home Appliances,1.0,8159.12,East,Ranchi,Credit Card,8159.12,2025-04,2025
ORD101512,C1076,2025-08-25,Keyboard,Accessories,2.0,1755.96,West,Pune,UPI,3511.92,2025-08,2025
ORD101513,C1287,2025-05-08,T-Shirt,Fashion,2.0,1128.3,West,Ahmedabad,Debit Card,2256.6,2025-05,2025
ORD101514,C1042,2025-11-08,Coffee Maker,Home Appliances,1.0,6355.04,South,Bengaluru,UPI,6355.04,2025-11,2025
ORD101515,C1185,2025-01-10,Air Fryer,Home Appliances,1.0,8199.32,South,Bengaluru,Credit Card,8199.32,2025-01,2025
ORD101516,C1078,2025-01-31,Air Fryer,Home Appliances,1.0,7453.83,North,Lucknow,Credit Card,7453.83,2025-01,2025
ORD101517,C1110,2025-05-18,Mixer Grinder,Home Appliances,2.0,5591.14,North,Jaipur,Credit Card,11182.28,2025-05,2025
ORD101518,C1071,2025-05-05,Headphones,Electronics,2.0,3628.28,West,Pune,Credit Card,7256.56,2025-05,2025
ORD101519,C1175,2025-09-27,Keyboard,Accessories,5.0,1761.06,North,Chandigarh,Credit Card,8805.3,2025-09,2025
ORD101520,C1217,2025-12-30,Laptop,Electronics,1.0,55595.45,East,Bhubaneswar,Net Banking,55595.45,2025-12,2025
ORD101521,C1301,2025-02-22,Running Shoes,Fashion,3.0,4391.09,East,Patna,Cash on Delivery,13173.27,2025-02,2025
ORD101522,C1033,2025-01-13,T-Shirt,Fashion,1.0,1228.72,West,Pune,Debit Card,1228.72,2025-01,2025
ORD101523,C1174,2025-02-10,Laptop,Electronics,1.0,56719.88,West,Pune,Debit Card,56719.88,2025-02,2025
ORD101524,C1080,2025-09-14,Coffee Maker,Home Appliances,1.0,6961.74,South,Chennai,Debit Card,6961.74,2025-09,2025
ORD101525,C1129,2025-01-21,Backpack,Fashion,1.0,2182.93,West,Mumbai,UPI,2182.93,2025-01,2025
ORD101526,C1165,2025-09-24,Smartphone,Electronics,2.0,30116.13,North,Jaipur,Net Banking,60232.26,2025-09,2025
ORD101527,C1114,2025-01-18,Coffee Maker,Home Appliances,1.0,6403.82,South,Chennai,Net Banking,6403.82,2025-01,2025
ORD101528,C1215,2025-12-08,Laptop,Electronics,1.0,54095.98,West,Ahmedabad,UPI,54095.98,2025-12,2025
ORD101529,C1009,2025-06-02,Air Fryer,Home Appliances,1.0,8021.02,South,Bengaluru,UPI,8021.02,2025-06,2025
ORD101530,C1271,2025-07-30,Office Chair,Furniture,1.0,8493.7,East,Ranchi,UPI,8493.7,2025-07,2025
ORD101531,C1264,2025-03-25,Office Chair,Furniture,1.0,9158.0,South,Chennai,Cash on Delivery,9158.0,2025-03,2025
ORD101532,C1163,2025-08-12,Desk,Furniture,2.0,12305.46,West,Ahmedabad,UPI,24610.92,2025-08,2025
ORD101533,C1198,2025-05-25,Bookshelf,Furniture,1.0,6131.98,South,Hyderabad,UPI,6131.98,2025-05,2025
ORD101534,C1157,2025-09-30,Keyboard,Accessories,1.0,1933.17,North,Jaipur,UPI,1933.17,2025-09,2025
ORD101535,C1086,2025-04-03,Laptop,Electronics,2.0,54264.37,East,Kolkata,Debit Card,108528.74,2025-04,2025
ORD101536,C1003,2025-02-10,Laptop,Electronics,1.0,51560.91,North,Chandigarh,Debit Card,51560.91,2025-02,2025
ORD101537,C1343,2025-02-19,Air Fryer,Home Appliances,3.0,7378.41,East,Ranchi,UPI,22135.23,2025-02,2025
ORD101538,C1350,2025-11-27,Smartphone,Electronics,1.0,29459.45,West,Pune,Debit Card,29459.45,2025-11,2025
ORD101539,C1210,2025-10-19,Coffee Maker,Home Appliances,1.0,6804.37,North,Chandigarh,Net Banking,6804.37,2025-10,2025
ORD101540,C1276,2025-02-10,Coffee Maker,Home Appliances,1.0,6690.61,South,Bengaluru,Cash on Delivery,6690.61,2025-02,2025
ORD101541,C1131,2025-12-18,Laptop,Electronics,1.0,52826.29,North,Jaipur,Credit Card,52826.29,2025-12,2025
ORD101542,C1085,2025-03-25,Desk,Furniture,2.0,12630.94,North,Jaipur,UPI,25261.88,2025-03,2025
ORD101543,C1189,2025-05-11,Backpack,Fashion,3.0,2097.68,West,Ahmedabad,Net Banking,6293.039999999999,2025-05,2025
ORD101544,C1247,2025-09-24,Keyboard,Accessories,5.0,1688.56,North,Jaipur,Net Banking,8442.8,2025-09,2025
ORD101545,C1318,2025-06-28,Mouse,Accessories,1.0,950.82,West,Mumbai,Net Banking,950.82,2025-06,2025
ORD101546,C1211,2025-09-15,Smartwatch,Electronics,4.0,7135.91,West,Mumbai,UPI,28543.64,2025-09,2025
ORD101547,C1333,2025-07-23,T-Shirt,Fashion,1.0,1281.77,South,Vijayawada,Cash on Delivery,1281.77,2025-07,2025
ORD101548,Unknown,2025-08-09,Office Chair,Furniture,1.0,7959.15,South,Chennai,Credit Card,7959.15,2025-08,2025
ORD101549,C1247,2025-10-20,Bookshelf,Furniture,1.0,6880.84,South,Chennai,UPI,6880.84,2025-10,2025
ORD101550,C1229,2025-02-17,Smartwatch,Electronics,1.0,7486.13,North,Delhi,UPI,7486.13,2025-02,2025
ORD101551,C1005,2025-06-07,Keyboard,Accessories,1.0,1820.16,North,Chandigarh,Credit Card,1820.16,2025-06,2025
ORD101552,C1080,2025-10-05,Backpack,Fashion,1.0,2250.14,East,Ranchi,Credit Card,2250.14,2025-10,2025
ORD101553,C1311,2025-06-03,Smartphone,Electronics,1.0,29976.72,West,Pune,UPI,29976.72,2025-06,2025
ORD101554,C1048,2025-06-08,Bookshelf,Furniture,2.0,6273.76,South,Vijayawada,Debit Card,12547.52,2025-06,2025
ORD101555,C1018,2025-07-07,Bookshelf,Furniture,2.0,6041.83,North,Jaipur,Credit Card,12083.66,2025-07,2025
ORD101556,C1230,2025-05-17,Laptop,Electronics,1.0,55993.09,South,Hyderabad,Net Banking,55993.09,2025-05,2025
ORD101557,C1019,2025-03-07,Office Chair,Furniture,2.0,8244.38,North,Jaipur,UPI,16488.76,2025-03,2025
ORD101558,C1140,2025-01-01,Backpack,Fashion,2.0,2227.12,South,Vijayawada,Net Banking,4454.24,2025-01,2025
ORD101559,C1122,2025-09-10,Bookshelf,Furniture,2.0,6507.28,South,Hyderabad,Debit Card,13014.56,2025-09,2025
ORD101560,C1213,2025-07-27,Smartwatch,Electronics,5.0,7166.55,South,Hyderabad,UPI,35832.75,2025-07,2025
ORD101561,C1268,2025-01-12,Coffee Maker,Home Appliances,2.0,6513.27,North,Jaipur,UPI,13026.54,2025-01,2025
ORD101562,C1311,2025-03-17,Mouse,Accessories,2.0,939.0,East,Patna,UPI,1878.0,2025-03,2025
ORD101563,C1350,2025-07-22,Smartphone,Electronics,2.0,26733.58,East,Patna,UPI,53467.16,2025-07,2025
ORD101564,C1172,2025-12-21,Headphones,Electronics,1.0,3454.57,South,Chennai,Cash on Delivery,3454.57,2025-12,2025
ORD101565,C1084,2025-03-31,Laptop,Electronics,3.0,57796.27,North,Jaipur,UPI,173388.81,2025-03,2025
ORD101566,C1260,2025-03-05,Mouse,Accessories,2.0,858.41,East,Patna,Debit Card,1716.82,2025-03,2025
ORD101567,C1233,2025-03-10,Mouse,Accessories,3.0,924.19,East,Patna,Debit Card,2772.57,2025-03,2025
ORD101568,C1172,2025-10-04,Office Chair,Furniture,2.0,8650.27,North,Lucknow,UPI,17300.54,2025-10,2025
ORD101569,C1087,2025-01-20,Mouse,Accessories,1.0,879.31,West,Ahmedabad,Cash on Delivery,879.31,2025-01,2025
ORD101570,C1185,2025-08-22,Desk,Furniture,1.0,12454.7,West,Surat,Cash on Delivery,12454.7,2025-08,2025
ORD101571,C1212,2025-04-14,Laptop,Electronics,2.0,52388.86,South,Bengaluru,Debit Card,104777.72,2025-04,2025
ORD101572,C1174,2025-04-09,Backpack,Fashion,2.0,2317.52,North,Delhi,UPI,4635.04,2025-04,2025
ORD101573,C1098,2025-11-26,Coffee Maker,Home Appliances,2.0,6557.8,North,Lucknow,Debit Card,13115.6,2025-11,2025
ORD101574,C1247,2025-07-11,Keyboard,Accessories,2.0,1929.12,South,Hyderabad,UPI,3858.24,2025-07,2025
ORD101575,C1087,2025-04-04,Desk,Furniture,2.0,12051.06,South,Hyderabad,UPI,24102.12,2025-04,2025
ORD101576,C1187,2025-02-04,Smartwatch,Electronics,3.0,7187.46,South,Vijayawada,UPI,21562.38,2025-02,2025
ORD101577,C1308,2025-05-21,Backpack,Fashion,2.0,2366.63,South,Bengaluru,UPI,4733.26,2025-05,2025
ORD101578,C1071,2025-12-30,Smartphone,Electronics,5.0,26815.53,South,Chennai,Debit Card,134077.65,2025-12,2025
ORD101579,C1007,2025-02-27,Air Fryer,Home Appliances,2.0,7297.06,South,Hyderabad,UPI,14594.12,2025-02,2025
ORD101580,C1113,2025-08-21,Air Fryer,Home Appliances,2.0,8117.9,East,Bhubaneswar,Debit Card,16235.8,2025-08,2025
ORD101581,C1263,2025-08-08,Bookshelf,Furniture,5.0,6643.95,North,Chandigarh,UPI,33219.75,2025-08,2025
ORD101582,C1139,2025-08-08,Bookshelf,Furniture,4.0,6920.86,North,Lucknow,Cash on Delivery,27683.44,2025-08,2025
ORD101583,C1027,2025-10-12,Headphones,Electronics,1.0,3310.04,West,Surat,UPI,3310.04,2025-10,2025
ORD101584,C1221,2025-08-01,Coffee Maker,Home Appliances,2.0,6641.99,South,Vijayawada,UPI,13283.98,2025-08,2025
ORD101585,C1254,2025-06-18,Air Fryer,Home Appliances,2.0,7408.33,West,Ahmedabad,UPI,14816.66,2025-06,2025
ORD101586,C1062,2025-06-20,Headphones,Electronics,1.0,3672.14,North,Lucknow,Cash on Delivery,3672.14,2025-06,2025
ORD101587,C1321,2025-11-07,Mixer Grinder,Home Appliances,1.0,4898.39,North,Chandigarh,Debit Card,4898.39,2025-11,2025
ORD101588,C1179,2025-02-07,Mixer Grinder,Home Appliances,1.0,5261.36,North,Delhi,UPI,5261.36,2025-02,2025
ORD101589,C1337,2025-07-01,Desk,Furniture,2.0,12266.95,South,Vijayawada,Credit Card,24533.9,2025-07,2025
ORD101590,C1248,2025-03-30,Smartphone,Electronics,3.0,26816.5,North,Unknown,UPI,80449.5,2025-03,2025
ORD101591,C1210,2025-01-10,Headphones,Electronics,1.0,3513.4,East,Ranchi,UPI,3513.4,2025-01,2025
ORD101592,C1322,2025-12-16,Keyboard,Accessories,2.0,1698.55,West,Ahmedabad,UPI,3397.1,2025-12,2025
ORD101593,C1128,2025-09-15,Headphones,Electronics,1.0,3231.5,South,Hyderabad,Debit Card,3231.5,2025-09,2025
ORD101594,C1021,2025-07-14,Headphones,Electronics,2.0,3298.5,West,Ahmedabad,Debit Card,6597.0,2025-07,2025
ORD101595,C1027,2025-04-28,Mixer Grinder,Home Appliances,1.0,5458.56,North,Lucknow,Debit Card,5458.56,2025-04,2025
ORD101596,C1019,2025-09-29,Running Shoes,Fashion,1.0,4657.03,West,Mumbai,Credit Card,4657.03,2025-09,2025
ORD101597,C1250,2025-03-26,Running Shoes,Fashion,1.0,4192.98,West,Mumbai,UPI,4192.98,2025-03,2025
ORD101598,C1115,2025-01-05,Bookshelf,Furniture,3.0,6868.29,East,Kolkata,Unknown,20604.87,2025-01,2025
ORD101599,C1320,2025-02-08,Air Fryer,Home Appliances,2.0,7297.66,South,Vijayawada,Debit Card,14595.32,2025-02,2025
ORD101600,C1255,2025-09-07,Bookshelf,Furniture,1.0,6339.75,North,Jaipur,Credit Card,6339.75,2025-09,2025
ORD101601,C1064,2025-10-30,Headphones,Electronics,2.0,3439.54,South,Hyderabad,Cash on Delivery,6879.08,2025-10,2025
ORD101602,C1331,2025-08-25,Office Chair,Furniture,5.0,8318.31,North,Lucknow,Debit Card,41591.549999999996,2025-08,2025
ORD101603,C1004,2025-02-21,Air Fryer,Home Appliances,1.0,7722.35,South,Hyderabad,UPI,7722.35,2025-02,2025
ORD101604,C1333,2025-05-23,Headphones,Electronics,1.0,3630.2,West,Ahmedabad,Debit Card,3630.2,2025-05,2025
ORD101605,C1333,2025-04-09,Coffee Maker,Home Appliances,1.0,6355.33,West,Surat,Debit Card,6355.33,2025-04,2025
ORD101606,C1226,2025-05-01,Bookshelf,Furniture,1.0,6314.55,East,Ranchi,UPI,6314.55,2025-05,2025
ORD101607,C1254,2025-10-30,Bookshelf,Furniture,2.0,6287.21,East,Patna,UPI,12574.42,2025-10,2025
ORD101608,C1151,2025-07-05,Air Fryer,Home Appliances,3.0,7797.27,South,Vijayawada,Credit Card,23391.81,2025-07,2025
ORD101609,C1058,2025-04-20,Smartwatch,Electronics,3.0,7337.07,North,Delhi,Debit Card,22011.21,2025-04,2025
ORD101610,C1326,2025-09-16,Laptop,Electronics,1.0,51023.22,East,Ranchi,Credit Card,51023.22,2025-09,2025
ORD101611,C1027,2025-07-12,Running Shoes,Fashion,1.0,4741.02,West,Pune,Debit Card,4741.02,2025-07,2025
ORD101612,C1098,2025-07-19,Keyboard,Accessories,4.0,1906.78,East,Ranchi,Cash on Delivery,7627.12,2025-07,2025
ORD101613,C1207,2025-03-01,Desk,Furniture,1.0,11249.79,North,Chandigarh,Debit Card,11249.79,2025-03,2025
ORD101614,C1336,2025-12-08,Office Chair,Furniture,2.0,7857.79,North,Jaipur,UPI,15715.58,2025-12,2025
ORD101615,C1034,2025-07-01,Running Shoes,Fashion,3.0,4761.51,South,Bengaluru,UPI,14284.53,2025-07,2025
ORD101616,C1193,2025-11-26,Laptop,Electronics,2.0,51110.75,South,Chennai,Credit Card,102221.5,2025-11,2025
ORD101617,C1023,2025-05-08,Mixer Grinder,Home Appliances,1.0,4967.27,North,Jaipur,UPI,4967.27,2025-05,2025
ORD101618,C1265,2025-06-04,Smartwatch,Electronics,1.0,6582.36,South,Vijayawada,Cash on Delivery,6582.36,2025-06,2025
ORD101619,C1301,2025-01-26,T-Shirt,Fashion,3.0,1181.61,West,Surat,Debit Card,3544.83,2025-01,2025
ORD101620,C1297,2025-08-10,T-Shirt,Fashion,1.0,1120.56,North,Delhi,UPI,1120.56,2025-08,2025
ORD101621,C1213,2025-04-23,Laptop,Electronics,1.0,53866.92,East,Patna,Net Banking,53866.92,2025-04,2025
ORD101622,C1105,2025-09-14,Laptop,Electronics,2.0,58870.94,South,Bengaluru,UPI,117741.88,2025-09,2025
ORD101623,C1009,2025-08-23,Coffee Maker,Home Appliances,1.0,6593.35,South,Vijayawada,UPI,6593.35,2025-08,2025
ORD101624,C1202,2025-02-16,Mouse,Accessories,2.0,883.26,West,Ahmedabad,Debit Card,1766.52,2025-02,2025
ORD101625,C1294,2025-06-01,Coffee Maker,Home Appliances,2.0,6910.0,West,Surat,UPI,13820.0,2025-06,2025
ORD101626,C1212,2025-11-24,Smartwatch,Electronics,1.0,6462.61,East,Ranchi,Credit Card,6462.61,2025-11,2025
ORD101627,C1309,2025-07-04,Bookshelf,Furniture,1.0,6234.47,North,Lucknow,UPI,6234.47,2025-07,2025
ORD101628,C1088,2025-12-22,Laptop,Electronics,1.0,55272.85,South,Hyderabad,Debit Card,55272.85,2025-12,2025
ORD101629,C1253,2025-01-31,Mouse,Accessories,1.0,935.19,South,Hyderabad,Credit Card,935.19,2025-01,2025
ORD101630,C1243,2025-10-26,Office Chair,Furniture,1.0,8714.19,South,Vijayawada,Net Banking,8714.19,2025-10,2025
ORD101631,C1181,2025-02-12,Office Chair,Furniture,2.0,8124.23,North,Delhi,Debit Card,16248.46,2025-02,2025
ORD101632,C1083,2025-08-14,Office Chair,Furniture,1.0,9048.0,North,Delhi,UPI,9048.0,2025-08,2025
ORD101633,C1007,2025-10-21,Keyboard,Accessories,1.0,1831.16,South,Bengaluru,UPI,1831.16,2025-10,2025
ORD101634,C1241,2025-03-06,Bookshelf,Furniture,1.0,6611.84,North,Delhi,Debit Card,6611.84,2025-03,2025
ORD101635,Unknown,2025-01-14,Smartwatch,Electronics,2.0,6503.45,East,Kolkata,Debit Card,13006.9,2025-01,2025
ORD101636,C1339,2025-05-04,Coffee Maker,Home Appliances,2.0,6037.7,North,Jaipur,UPI,12075.4,2025-05,2025
ORD101637,C1287,2025-09-28,Headphones,Electronics,1.0,3715.18,South,Bengaluru,Net Banking,3715.18,2025-09,2025
ORD101638,C1319,2025-11-06,T-Shirt,Fashion,1.0,1112.91,North,Lucknow,Credit Card,1112.91,2025-11,2025
ORD101639,C1249,2025-09-10,Mixer Grinder,Home Appliances,3.0,4970.76,North,Jaipur,Debit Card,14912.28,2025-09,2025
ORD101640,C1298,2025-01-28,Laptop,Electronics,1.0,54745.21,South,Vijayawada,Cash on Delivery,54745.21,2025-01,2025
ORD101641,C1074,2025-07-09,Office Chair,Furniture,1.0,8689.64,South,Hyderabad,Credit Card,8689.64,2025-07,2025
ORD101642,C1089,2025-10-02,Bookshelf,Furniture,1.0,6017.59,North,Chandigarh,Debit Card,6017.59,2025-10,2025
ORD101643,C1231,2025-12-10,Running Shoes,Fashion,1.0,4208.44,South,Chennai,Credit Card,4208.44,2025-12,2025
ORD101644,C1021,2025-04-18,Mouse,Accessories,1.0,900.09,North,Lucknow,Cash on Delivery,900.09,2025-04,2025
ORD101645,C1059,2025-05-01,T-Shirt,Fashion,1.0,1254.94,North,Delhi,Cash on Delivery,1254.94,2025-05,2025
ORD101646,C1071,2025-09-18,Mixer Grinder,Home Appliances,2.0,4991.78,East,Kolkata,UPI,9983.56,2025-09,2025
ORD101647,C1084,2025-12-10,Headphones,Electronics,1.0,3417.93,East,Ranchi,UPI,3417.93,2025-12,2025
ORD101648,C1262,2025-03-30,Bookshelf,Furniture,1.0,6880.64,North,Lucknow,Debit Card,6880.64,2025-03,2025
ORD101649,C1004,2025-01-03,Coffee Maker,Home Appliances,2.0,6503.95,East,Kolkata,Net Banking,13007.9,2025-01,2025
ORD101650,C1243,2025-06-01,Mouse,Accessories,2.0,942.72,East,Patna,Cash on Delivery,1885.44,2025-06,2025
ORD101651,C1210,2025-08-15,Smartphone,Electronics,2.0,28006.25,South,Bengaluru,Debit Card,56012.5,2025-08,2025
ORD101652,C1038,2025-05-15,Laptop,Electronics,1.0,58159.12,West,Ahmedabad,Debit Card,58159.12,2025-05,2025
ORD101653,C1198,2025-05-24,Bookshelf,Furniture,1.0,6297.66,South,Vijayawada,Credit Card,6297.66,2025-05,2025
ORD101655,C1278,2025-03-19,Smartphone,Electronics,2.0,25910.37,East,Kolkata,Credit Card,51820.74,2025-03,2025
ORD101656,C1308,2025-03-31,Coffee Maker,Home Appliances,1.0,6193.12,West,Mumbai,UPI,6193.12,2025-03,2025
ORD101657,C1317,2025-08-14,Smartphone,Electronics,2.0,28923.41,South,Chennai,UPI,57846.82,2025-08,2025
ORD101658,C1287,2025-10-01,Backpack,Fashion,1.0,2036.48,West,Surat,UPI,2036.48,2025-10,2025
ORD101659,C1286,2025-05-03,Laptop,Electronics,1.0,59350.22,North,Lucknow,Credit Card,59350.22,2025-05,2025
ORD101660,C1157,2025-01-25,Keyboard,Accessories,2.0,1694.69,North,Lucknow,UPI,3389.38,2025-01,2025
ORD101661,C1006,2025-08-15,Smartwatch,Electronics,1.0,7533.67,North,Jaipur,UPI,7533.67,2025-08,2025
ORD101662,C1253,2025-11-14,Smartphone,Electronics,1.0,28148.71,West,Pune,UPI,28148.71,2025-11,2025
ORD101663,C1249,2025-07-08,Air Fryer,Home Appliances,2.0,7314.18,South,Vijayawada,Net Banking,14628.36,2025-07,2025
ORD101664,C1346,2025-05-11,Laptop,Electronics,1.0,50705.04,South,Bengaluru,Credit Card,50705.04,2025-05,2025
ORD101665,C1119,2025-08-23,Bookshelf,Furniture,3.0,6826.81,East,Patna,UPI,20480.43,2025-08,2025
ORD101666,C1125,2025-05-22,Mouse,Accessories,1.0,848.16,North,Jaipur,Credit Card,848.16,2025-05,2025
ORD101667,C1253,2025-01-13,Laptop,Electronics,1.0,54831.99,South,Chennai,Debit Card,54831.99,2025-01,2025
ORD101668,C1139,2025-05-14,Backpack,Fashion,1.0,2079.31,South,Bengaluru,Cash on Delivery,2079.31,2025-05,2025
ORD101669,C1016,2025-01-08,Keyboard,Accessories,2.0,1802.64,South,Bengaluru,UPI,3605.28,2025-01,2025
ORD101670,C1093,2025-06-26,Mouse,Accessories,2.0,942.09,South,Vijayawada,Debit Card,1884.18,2025-06,2025
ORD101671,C1076,2025-08-03,T-Shirt,Fashion,1.0,1295.32,South,Bengaluru,UPI,1295.32,2025-08,2025
ORD101672,C1202,2025-07-15,Headphones,Electronics,3.0,3584.26,South,Vijayawada,Debit Card,10752.78,2025-07,2025
ORD101673,C1314,2025-05-08,Air Fryer,Home Appliances,5.0,8351.48,South,Hyderabad,Debit Card,41757.399999999994,2025-05,2025
ORD101674,C1219,2025-05-04,T-Shirt,Fashion,1.0,1199.9,North,Lucknow,Debit Card,1199.9,2025-05,2025
ORD101675,C1337,2025-12-19,Smartphone,Electronics,2.0,27678.81,North,Jaipur,Debit Card,55357.62,2025-12,2025
ORD101676,C1294,2025-10-23,Desk,Furniture,2.0,11832.28,South,Bengaluru,UPI,23664.56,2025-10,2025
ORD101677,C1310,2025-10-18,Running Shoes,Fashion,2.0,4839.64,North,Delhi,Credit Card,9679.28,2025-10,2025
ORD101678,C1139,2025-02-03,Bookshelf,Furniture,2.0,6941.27,South,Vijayawada,Cash on Delivery,13882.54,2025-02,2025
ORD101679,C1109,2025-06-08,Headphones,Electronics,2.0,3728.06,South,Bengaluru,Net Banking,7456.12,2025-06,2025
ORD101680,C1252,2025-01-04,Desk,Furniture,2.0,11376.03,West,Mumbai,Debit Card,22752.06,2025-01,2025
ORD101681,C1230,2025-02-17,Mouse,Accessories,1.0,965.84,South,Hyderabad,Net Banking,965.84,2025-02,2025
ORD101682,C1234,2025-08-29,Backpack,Fashion,1.0,2198.93,East,Patna,UPI,2198.93,2025-08,2025
ORD101683,C1013,2025-10-02,Headphones,Electronics,3.0,3589.83,West,Mumbai,Cash on Delivery,10769.49,2025-10,2025
ORD101684,C1328,2025-06-04,Bookshelf,Furniture,5.0,6781.87,South,Bengaluru,Net Banking,33909.35,2025-06,2025
ORD101685,C1302,2025-06-28,Mixer Grinder,Home Appliances,1.0,5572.13,South,Hyderabad,UPI,5572.13,2025-06,2025
ORD101686,C1004,2025-06-09,Mouse,Accessories,1.0,951.94,South,Chennai,Credit Card,951.94,2025-06,2025
ORD101687,C1026,2025-01-07,Running Shoes,Fashion,1.0,4364.91,North,Chandigarh,UPI,4364.91,2025-01,2025
ORD101688,C1004,2025-04-17,Keyboard,Accessories,1.0,1742.98,South,Bengaluru,Cash on Delivery,1742.98,2025-04,2025
ORD101689,C1170,2025-06-29,T-Shirt,Fashion,3.0,1124.46,North,Delhi,Net Banking,3373.38,2025-06,2025
ORD101690,C1127,2025-09-10,Keyboard,Accessories,2.0,1852.23,South,Hyderabad,UPI,3704.46,2025-09,2025
ORD101691,C1182,2025-09-02,Air Fryer,Home Appliances,1.0,7347.94,East,Kolkata,Cash on Delivery,7347.94,2025-09,2025
ORD101692,C1167,2025-01-06,Coffee Maker,Home Appliances,1.0,6683.0,South,Bengaluru,Net Banking,6683.0,2025-01,2025
ORD101693,C1171,2025-04-16,Keyboard,Accessories,1.0,1753.96,North,Delhi,Debit Card,1753.96,2025-04,2025
ORD101694,C1132,2025-05-10,Office Chair,Furniture,1.0,8582.59,West,Pune,Credit Card,8582.59,2025-05,2025
ORD101695,C1313,2025-11-19,Laptop,Electronics,3.0,57872.29,East,Kolkata,UPI,173616.87,2025-11,2025
ORD101696,C1077,2025-03-30,Office Chair,Furniture,3.0,8077.64,South,Hyderabad,Debit Card,24232.920000000002,2025-03,2025
ORD101697,C1306,2025-08-04,Office Chair,Furniture,1.0,8718.87,West,Mumbai,Credit Card,8718.87,2025-08,2025
ORD101698,C1203,2025-09-10,Mixer Grinder,Home Appliances,1.0,4857.89,South,Bengaluru,UPI,4857.89,2025-09,2025
ORD101699,C1107,2025-08-14,Mouse,Accessories,4.0,845.11,South,Bengaluru,Credit Card,3380.44,2025-08,2025
ORD101700,C1221,2025-12-30,Coffee Maker,Home Appliances,1.0,6689.77,East,Kolkata,Net Banking,6689.77,2025-12,2025
ORD101701,C1246,2025-08-22,Coffee Maker,Home Appliances,1.0,6488.25,West,Ahmedabad,Credit Card,6488.25,2025-08,2025
ORD101702,C1004,2025-10-04,Laptop,Electronics,1.0,53754.78,South,Hyderabad,Credit Card,53754.78,2025-10,2025
ORD101703,C1243,2025-01-14,Mixer Grinder,Home Appliances,2.0,5251.71,West,Mumbai,UPI,10503.42,2025-01,2025
ORD101704,C1233,2025-08-13,Smartwatch,Electronics,3.0,7243.83,West,Mumbai,Debit Card,21731.489999999998,2025-08,2025
ORD101705,C1023,2025-06-09,Coffee Maker,Home Appliances,2.0,6056.98,West,Ahmedabad,UPI,12113.96,2025-06,2025
ORD101706,C1274,2025-11-19,Office Chair,Furniture,1.0,8194.16,West,Ahmedabad,UPI,8194.16,2025-11,2025
ORD101707,C1105,2025-12-30,Running Shoes,Fashion,1.0,4428.77,South,Vijayawada,UPI,4428.77,2025-12,2025
ORD101708,C1017,2025-12-24,Smartwatch,Electronics,1.0,7319.82,South,Bengaluru,Credit Card,7319.82,2025-12,2025
ORD101709,C1319,2025-09-29,Mixer Grinder,Home Appliances,3.0,5601.16,East,Kolkata,UPI,16803.48,2025-09,2025
ORD101710,C1132,2025-06-15,Office Chair,Furniture,3.0,8378.62,South,Hyderabad,Net Banking,25135.86,2025-06,2025
ORD101711,C1106,2025-11-02,Backpack,Fashion,1.0,2109.66,East,Ranchi,Credit Card,2109.66,2025-11,2025
ORD101712,C1244,2025-09-19,Smartphone,Electronics,3.0,26760.13,South,Chennai,Net Banking,80280.39,2025-09,2025
ORD101713,C1261,2025-02-26,Mixer Grinder,Home Appliances,1.0,4895.78,North,Lucknow,Credit Card,4895.78,2025-02,2025
ORD101714,C1154,2025-10-14,Office Chair,Furniture,2.0,8968.09,East,Kolkata,Cash on Delivery,17936.18,2025-10,2025
ORD101715,C1175,2025-04-15,Running Shoes,Fashion,3.0,4782.04,South,Bengaluru,UPI,14346.119999999999,2025-04,2025
ORD101716,C1022,2025-10-26,Headphones,Electronics,3.0,3414.69,West,Pune,Debit Card,10244.07,2025-10,2025
ORD101717,C1086,2025-10-25,Office Chair,Furniture,2.0,9162.83,North,Lucknow,Credit Card,18325.66,2025-10,2025
ORD101718,C1178,2025-02-19,Office Chair,Furniture,3.0,8642.81,North,Lucknow,UPI,25928.43,2025-02,2025
ORD101719,C1201,2025-08-16,Smartwatch,Electronics,1.0,6987.15,South,Hyderabad,Cash on Delivery,6987.15,2025-08,2025
ORD101720,C1341,2025-05-26,Smartwatch,Electronics,1.0,7009.98,East,Patna,Credit Card,7009.98,2025-05,2025
ORD101721,C1077,2025-05-08,Air Fryer,Home Appliances,1.0,7900.36,North,Chandigarh,UPI,7900.36,2025-05,2025
ORD101722,C1136,2025-10-05,T-Shirt,Fashion,1.0,1274.61,South,Bengaluru,Net Banking,1274.61,2025-10,2025
ORD101723,C1212,2025-07-13,T-Shirt,Fashion,1.0,1282.81,South,Hyderabad,Cash on Delivery,1282.81,2025-07,2025
ORD101724,C1007,2025-10-07,Laptop,Electronics,2.0,59186.16,West,Pune,Cash on Delivery,118372.32,2025-10,2025
ORD101725,C1126,2025-09-01,Laptop,Electronics,2.0,55568.92,East,Bhubaneswar,Net Banking,111137.84,2025-09,2025
ORD101726,C1166,2025-03-26,Office Chair,Furniture,2.0,8829.83,North,Jaipur,Debit Card,17659.66,2025-03,2025
ORD101727,C1289,2025-06-08,Coffee Maker,Home Appliances,2.0,6717.82,West,Pune,Credit Card,13435.64,2025-06,2025
ORD101728,C1278,2025-11-23,Mixer Grinder,Home Appliances,1.0,4966.17,West,Mumbai,Credit Card,4966.17,2025-11,2025
ORD101729,C1039,2025-07-20,Laptop,Electronics,1.0,50772.06,East,Bhubaneswar,UPI,50772.06,2025-07,2025
ORD101730,C1183,2025-12-12,Keyboard,Accessories,2.0,1729.45,West,Ahmedabad,UPI,3458.9,2025-12,2025
ORD101731,C1268,2025-06-03,Office Chair,Furniture,1.0,8931.14,West,Ahmedabad,UPI,8931.14,2025-06,2025
ORD101732,C1240,2025-07-12,Smartphone,Electronics,1.0,26625.8,West,Ahmedabad,Cash on Delivery,26625.8,2025-07,2025
ORD101733,C1019,2025-03-13,Backpack,Fashion,2.0,2179.08,West,Ahmedabad,Credit Card,4358.16,2025-03,2025
ORD101734,C1178,2025-08-22,Running Shoes,Fashion,4.0,4250.04,East,Ranchi,Credit Card,17000.16,2025-08,2025
ORD101735,C1227,2025-12-31,Laptop,Electronics,3.0,56512.3,South,Bengaluru,UPI,169536.90000000002,2025-12,2025
ORD101736,C1109,2025-04-26,Coffee Maker,Home Appliances,1.0,6518.98,South,Hyderabad,Cash on Delivery,6518.98,2025-04,2025
ORD101737,C1061,2025-12-20,Bookshelf,Furniture,1.0,6734.27,South,Chennai,UPI,6734.27,2025-12,2025
ORD101738,C1040,2025-06-19,Laptop,Electronics,2.0,54874.09,South,Chennai,Debit Card,109748.18,2025-06,2025
ORD101739,C1099,2025-08-17,Office Chair,Furniture,1.0,8671.9,West,Pune,Credit Card,8671.9,2025-08,2025
ORD101740,C1322,2025-07-12,Coffee Maker,Home Appliances,1.0,6929.37,East,Bhubaneswar,Credit Card,6929.37,2025-07,2025
ORD101741,C1191,2025-12-12,Laptop,Electronics,5.0,56045.41,North,Jaipur,UPI,280227.05000000005,2025-12,2025
ORD101742,C1167,2025-07-13,T-Shirt,Fashion,1.0,1156.77,South,Vijayawada,Net Banking,1156.77,2025-07,2025
ORD101743,C1185,2025-11-06,Keyboard,Accessories,1.0,1880.71,South,Vijayawada,UPI,1880.71,2025-11,2025
ORD101744,C1006,2025-02-20,Air Fryer,Home Appliances,5.0,8001.94,West,Pune,Debit Card,40009.7,2025-02,2025
ORD101745,C1164,2025-04-26,Coffee Maker,Home Appliances,1.0,6187.6,East,Bhubaneswar,UPI,6187.6,2025-04,2025
ORD101746,C1140,2025-04-11,Coffee Maker,Home Appliances,2.0,6848.35,West,Mumbai,UPI,13696.7,2025-04,2025
ORD101747,C1341,2025-03-07,Desk,Furniture,1.0,12760.6,North,Jaipur,UPI,12760.6,2025-03,2025
ORD101748,C1046,2025-02-18,Mouse,Accessories,1.0,919.46,West,Surat,UPI,919.46,2025-02,2025
ORD101749,C1333,2025-04-15,Keyboard,Accessories,1.0,1785.61,West,Surat,Credit Card,1785.61,2025-04,2025
ORD101750,C1232,2025-10-21,Mixer Grinder,Home Appliances,1.0,5363.08,East,Ranchi,Debit Card,5363.08,2025-10,2025
ORD101751,C1272,2025-11-06,Headphones,Electronics,1.0,3565.27,South,Chennai,Debit Card,3565.27,2025-11,2025
ORD101752,C1193,2025-01-15,Mouse,Accessories,1.0,940.63,South,Hyderabad,Debit Card,940.63,2025-01,2025
ORD101753,C1022,2025-09-13,Smartwatch,Electronics,4.0,6632.19,North,Delhi,Debit Card,26528.76,2025-09,2025
ORD101754,C1007,2025-03-03,Smartwatch,Electronics,3.0,7279.36,East,Patna,Credit Card,21838.079999999998,2025-03,2025
ORD101755,C1039,2025-02-10,Keyboard,Accessories,4.0,1843.92,North,Chandigarh,Credit Card,7375.68,2025-02,2025
ORD101756,C1055,2025-04-01,Smartphone,Electronics,1.0,28972.52,South,Unknown,UPI,28972.52,2025-04,2025
ORD101757,C1324,2025-07-10,Headphones,Electronics,2.0,3755.84,West,Ahmedabad,Credit Card,7511.68,2025-07,2025
ORD101758,C1206,2025-04-17,Mixer Grinder,Home Appliances,1.0,5485.23,West,Mumbai,Credit Card,5485.23,2025-04,2025
ORD101759,C1325,2025-03-20,Headphones,Electronics,4.0,3340.04,North,Lucknow,UPI,13360.16,2025-03,2025
ORD101760,C1282,2025-12-02,Headphones,Electronics,1.0,3260.92,East,Ranchi,Net Banking,3260.92,2025-12,2025
ORD101761,C1221,2025-09-05,Office Chair,Furniture,3.0,8081.18,North,Jaipur,Credit Card,24243.54,2025-09,2025
ORD101762,C1200,2025-06-18,Mixer Grinder,Home Appliances,1.0,5561.44,East,Kolkata,Credit Card,5561.44,2025-06,2025
ORD101763,C1271,2025-05-31,Running Shoes,Fashion,3.0,4627.8,North,Jaipur,Credit Card,13883.400000000001,2025-05,2025
ORD101764,C1179,2025-05-29,Laptop,Electronics,2.0,54254.43,South,Chennai,Credit Card,108508.86,2025-05,2025
ORD101765,C1049,2025-08-22,Headphones,Electronics,2.0,3764.35,West,Pune,Credit Card,7528.7,2025-08,2025
ORD101766,C1281,2025-05-20,Running Shoes,Fashion,2.0,4448.43,East,Kolkata,Unknown,8896.86,2025-05,2025
ORD101767,C1256,2025-03-22,Mixer Grinder,Home Appliances,1.0,5531.02,North,Delhi,Debit Card,5531.02,2025-03,2025
ORD101768,C1131,2025-07-01,Keyboard,Accessories,1.0,1690.17,West,Surat,Cash on Delivery,1690.17,2025-07,2025
ORD101769,C1308,2025-03-09,Coffee Maker,Home Appliances,1.0,6182.23,West,Surat,UPI,6182.23,2025-03,2025
ORD101770,C1336,2025-06-22,Desk,Furniture,1.0,12340.57,North,Lucknow,Debit Card,12340.57,2025-06,2025
ORD101771,C1174,2025-12-27,Air Fryer,Home Appliances,3.0,7897.48,North,Jaipur,Debit Card,23692.44,2025-12,2025
ORD101772,C1058,2025-08-15,T-Shirt,Fashion,3.0,1220.59,South,Bengaluru,UPI,3661.7699999999995,2025-08,2025
ORD101773,C1340,2025-09-03,Coffee Maker,Home Appliances,2.0,6055.05,West,Surat,Net Banking,12110.1,2025-09,2025
ORD101774,C1276,2025-11-16,Mixer Grinder,Home Appliances,2.0,5477.37,South,Hyderabad,Cash on Delivery,10954.74,2025-11,2025
ORD101775,C1093,2025-04-30,Backpack,Fashion,1.0,2311.34,South,Hyderabad,UPI,2311.34,2025-04,2025
ORD101776,C1118,2025-08-11,Desk,Furniture,3.0,11315.87,North,Lucknow,UPI,33947.61,2025-08,2025
ORD101777,C1047,2025-08-11,Mixer Grinder,Home Appliances,1.0,5181.72,West,Ahmedabad,Debit Card,5181.72,2025-08,2025
ORD101778,C1104,2025-07-15,Backpack,Fashion,1.0,2243.34,West,Surat,UPI,2243.34,2025-07,2025
ORD101779,C1103,2025-11-17,Smartphone,Electronics,1.0,29324.31,South,Bengaluru,Debit Card,29324.31,2025-11,2025
ORD101780,C1034,2025-08-09,Office Chair,Furniture,1.0,8840.17,West,Surat,Credit Card,8840.17,2025-08,2025
ORD101781,C1245,2025-12-15,T-Shirt,Fashion,3.0,1266.87,East,Bhubaneswar,Credit Card,3800.6099999999997,2025-12,2025
ORD101782,C1307,2025-09-25,Smartwatch,Electronics,1.0,7543.94,East,Ranchi,Credit Card,7543.94,2025-09,2025
ORD101783,C1165,2025-07-02,Laptop,Electronics,2.0,51578.16,South,Bengaluru,Credit Card,103156.32,2025-07,2025
ORD101784,C1050,2025-04-13,Mouse,Accessories,2.0,886.71,East,Ranchi,Debit Card,1773.42,2025-04,2025
ORD101785,C1226,2025-08-05,T-Shirt,Fashion,5.0,1209.66,West,Mumbai,Debit Card,6048.3,2025-08,2025
ORD101786,C1216,2025-05-05,Headphones,Electronics,1.0,3318.54,North,Chandigarh,UPI,3318.54,2025-05,2025
ORD101787,C1061,2025-01-02,Smartphone,Electronics,1.0,28286.34,West,Ahmedabad,UPI,28286.34,2025-01,2025
ORD101788,C1252,2025-01-08,T-Shirt,Fashion,5.0,1295.72,South,Bengaluru,Credit Card,6478.6,2025-01,2025
ORD101789,C1249,2025-04-24,Keyboard,Accessories,2.0,1666.16,East,Ranchi,Cash on Delivery,3332.32,2025-04,2025
ORD101790,C1253,2025-01-11,Backpack,Fashion,1.0,2161.44,North,Jaipur,UPI,2161.44,2025-01,2025
ORD101791,C1271,2025-11-05,Running Shoes,Fashion,1.0,4729.36,West,Surat,Credit Card,4729.36,2025-11,2025
ORD101792,C1110,2025-01-16,Smartphone,Electronics,1.0,26474.39,East,Bhubaneswar,UPI,26474.39,2025-01,2025
ORD101793,C1294,2025-07-21,Bookshelf,Furniture,2.0,6464.61,South,Hyderabad,Credit Card,12929.22,2025-07,2025
ORD101794,C1076,2025-05-21,T-Shirt,Fashion,1.0,1235.74,East,Ranchi,Net Banking,1235.74,2025-05,2025
ORD101795,C1281,2025-08-01,Laptop,Electronics,1.0,54380.28,South,Hyderabad,Unknown,54380.28,2025-08,2025
ORD101796,C1053,2025-09-23,Smartwatch,Electronics,1.0,7095.85,South,Bengaluru,UPI,7095.85,2025-09,2025
ORD101797,C1163,2025-11-07,Coffee Maker,Home Appliances,2.0,6484.17,North,Chandigarh,Debit Card,12968.34,2025-11,2025
ORD101798,C1259,2025-09-19,Backpack,Fashion,5.0,2329.89,South,Chennai,UPI,11649.449999999999,2025-09,2025
ORD101799,C1184,2025-12-17,Smartphone,Electronics,4.0,29416.98,South,Bengaluru,Cash on Delivery,117667.92,2025-12,2025
ORD101800,C1330,2025-04-10,Headphones,Electronics,1.0,3391.6,North,Delhi,Net Banking,3391.6,2025-04,2025
ORD101801,C1193,2025-05-29,Laptop,Electronics,2.0,51139.9,South,Bengaluru,Credit Card,102279.8,2025-05,2025
ORD101802,C1137,2025-08-30,Laptop,Electronics,1.0,58833.95,South,Chennai,Credit Card,58833.95,2025-08,2025
ORD101803,C1261,2025-08-23,T-Shirt,Fashion,1.0,1117.76,West,Pune,Debit Card,1117.76,2025-08,2025
ORD101804,C1065,2025-03-06,Smartphone,Electronics,4.0,26227.4,North,Jaipur,Credit Card,104909.6,2025-03,2025
ORD101805,C1214,2025-12-05,Coffee Maker,Home Appliances,2.0,6527.44,West,Pune,Credit Card,13054.88,2025-12,2025
ORD101806,C1116,2025-08-12,Laptop,Electronics,1.0,56622.98,South,Vijayawada,UPI,56622.98,2025-08,2025
ORD101807,C1272,2025-04-02,Bookshelf,Furniture,1.0,6733.62,West,Pune,Debit Card,6733.62,2025-04,2025
ORD101808,C1248,2025-09-04,Smartphone,Electronics,1.0,29818.08,East,Kolkata,UPI,29818.08,2025-09,2025
ORD101809,C1213,2025-02-18,Coffee Maker,Home Appliances,1.0,6417.33,North,Chandigarh,Debit Card,6417.33,2025-02,2025
ORD101810,C1237,2025-10-26,Desk,Furniture,2.0,12357.78,South,Vijayawada,Credit Card,24715.56,2025-10,2025
ORD101811,C1192,2025-05-27,Backpack,Fashion,1.0,2097.23,West,Pune,UPI,2097.23,2025-05,2025
ORD101812,C1160,2025-07-18,Smartwatch,Electronics,2.0,7529.92,South,Bengaluru,UPI,15059.84,2025-07,2025
ORD101813,C1082,2025-01-19,Running Shoes,Fashion,5.0,4545.55,South,Vijayawada,Credit Card,22727.75,2025-01,2025
ORD101814,C1269,2025-11-17,Headphones,Electronics,1.0,3699.92,West,Pune,Net Banking,3699.92,2025-11,2025
ORD101815,C1133,2025-02-21,Mouse,Accessories,2.0,950.39,South,Vijayawada,UPI,1900.78,2025-02,2025
ORD101816,C1240,2025-03-15,T-Shirt,Fashion,3.0,1193.06,South,Chennai,Cash on Delivery,3579.18,2025-03,2025
ORD101817,C1057,2025-12-05,Mouse,Accessories,1.0,842.99,West,Pune,UPI,842.99,2025-12,2025
ORD101818,C1238,2025-09-27,T-Shirt,Fashion,1.0,1116.71,North,Jaipur,UPI,1116.71,2025-09,2025
ORD101819,C1230,2025-05-02,Coffee Maker,Home Appliances,2.0,6599.8,East,Unknown,Debit Card,13199.6,2025-05,2025
ORD101820,C1281,2025-10-15,Air Fryer,Home Appliances,1.0,7946.11,East,Ranchi,UPI,7946.11,2025-10,2025
ORD101821,C1104,2025-10-09,Smartwatch,Electronics,2.0,6853.04,West,Ahmedabad,UPI,13706.08,2025-10,2025
ORD101822,C1091,2025-02-21,Mouse,Accessories,3.0,879.84,East,Patna,Debit Card,2639.52,2025-02,2025
ORD101823,C1275,2025-12-24,Running Shoes,Fashion,1.0,4229.13,North,Lucknow,Credit Card,4229.13,2025-12,2025
ORD101824,C1167,2025-12-22,Bookshelf,Furniture,2.0,6946.41,East,Bhubaneswar,Credit Card,13892.82,2025-12,2025
ORD101825,C1162,2025-06-28,Office Chair,Furniture,4.0,8933.7,East,Ranchi,UPI,35734.8,2025-06,2025
ORD101826,C1324,2025-01-01,Laptop,Electronics,1.0,57259.11,East,Bhubaneswar,Cash on Delivery,57259.11,2025-01,2025
ORD101827,C1077,2025-05-04,Smartphone,Electronics,1.0,30184.63,North,Chandigarh,UPI,30184.63,2025-05,2025
ORD101828,C1180,2025-07-08,Air Fryer,Home Appliances,2.0,7340.8,West,Surat,Cash on Delivery,14681.6,2025-07,2025
ORD101829,C1320,2025-10-10,Mixer Grinder,Home Appliances,2.0,5521.27,North,Lucknow,Credit Card,11042.54,2025-10,2025
ORD101830,C1187,2025-06-11,Office Chair,Furniture,1.0,8119.04,South,Hyderabad,Credit Card,8119.04,2025-06,2025
ORD101831,C1250,2025-05-15,Smartphone,Electronics,1.0,26385.16,South,Chennai,UPI,26385.16,2025-05,2025
ORD101832,C1214,2025-07-19,Keyboard,Accessories,1.0,1914.06,East,Kolkata,Debit Card,1914.06,2025-07,2025
ORD101833,C1123,2025-07-26,Backpack,Fashion,3.0,2315.45,South,Hyderabad,Debit Card,6946.349999999999,2025-07,2025
ORD101834,C1308,2025-09-20,Laptop,Electronics,3.0,50960.76,East,Patna,Cash on Delivery,152882.28,2025-09,2025
ORD101835,C1119,2025-10-13,Coffee Maker,Home Appliances,3.0,6653.39,South,Hyderabad,Net Banking,19960.170000000002,2025-10,2025
ORD101836,C1342,2025-09-17,Running Shoes,Fashion,2.0,4347.73,East,Patna,Credit Card,8695.46,2025-09,2025
ORD101837,C1151,2025-07-30,T-Shirt,Fashion,1.0,1235.75,North,Lucknow,Cash on Delivery,1235.75,2025-07,2025
ORD101838,C1008,2025-07-10,T-Shirt,Fashion,1.0,1241.47,West,Surat,Net Banking,1241.47,2025-07,2025
ORD101839,C1349,2025-08-20,Mouse,Accessories,1.0,865.9,East,Bhubaneswar,Credit Card,865.9,2025-08,2025
ORD101840,C1194,2025-03-02,Smartphone,Electronics,2.0,27801.6,East,Ranchi,Net Banking,55603.2,2025-03,2025
ORD101841,C1214,2025-11-29,Desk,Furniture,2.0,11587.92,South,Vijayawada,Net Banking,23175.84,2025-11,2025
ORD101842,C1047,2025-09-02,Coffee Maker,Home Appliances,1.0,6243.59,North,Chandigarh,UPI,6243.59,2025-09,2025
ORD101843,C1076,2025-02-27,Smartwatch,Electronics,1.0,7267.83,North,Chandigarh,UPI,7267.83,2025-02,2025
ORD101844,C1081,2025-02-13,Running Shoes,Fashion,1.0,4555.26,South,Vijayawada,UPI,4555.26,2025-02,2025
ORD101845,C1147,2025-04-16,Mouse,Accessories,3.0,890.15,North,Delhi,Credit Card,2670.45,2025-04,2025
ORD101846,C1335,2025-08-15,Coffee Maker,Home Appliances,3.0,6320.25,South,Vijayawada,UPI,18960.75,2025-08,2025
ORD101847,C1231,2025-03-13,Mixer Grinder,Home Appliances,1.0,5410.49,North,Delhi,Debit Card,5410.49,2025-03,2025
ORD101848,C1257,2025-03-05,T-Shirt,Fashion,1.0,1295.75,West,Mumbai,Credit Card,1295.75,2025-03,2025
ORD101849,C1238,2025-12-13,Desk,Furniture,2.0,11495.65,West,Surat,UPI,22991.3,2025-12,2025
ORD101850,C1055,2025-07-12,Desk,Furniture,1.0,12330.82,East,Kolkata,Credit Card,12330.82,2025-07,2025
ORD101851,C1304,2025-11-28,T-Shirt,Fashion,2.0,1221.62,South,Vijayawada,UPI,2443.24,2025-11,2025
ORD101852,C1135,2025-02-04,Headphones,Electronics,1.0,3422.6,North,Chandigarh,Credit Card,3422.6,2025-02,2025
ORD101853,C1059,2025-06-04,T-Shirt,Fashion,2.0,1199.65,North,Delhi,UPI,2399.3,2025-06,2025
ORD101854,C1237,2025-04-28,Laptop,Electronics,3.0,55443.3,West,Pune,UPI,166329.90000000002,2025-04,2025
ORD101855,C1030,2025-03-08,Headphones,Electronics,1.0,3344.79,South,Vijayawada,Debit Card,3344.79,2025-03,2025
ORD101856,C1274,2025-05-09,Bookshelf,Furniture,1.0,6993.88,South,Bengaluru,Cash on Delivery,6993.88,2025-05,2025
ORD101857,C1115,2025-10-09,T-Shirt,Fashion,1.0,1136.74,East,Ranchi,UPI,1136.74,2025-10,2025
ORD101858,C1044,2025-07-07,Mouse,Accessories,1.0,926.34,South,Hyderabad,UPI,926.34,2025-07,2025
ORD101859,C1081,2025-05-06,Smartwatch,Electronics,1.0,6603.86,West,Mumbai,Debit Card,6603.86,2025-05,2025
ORD101860,C1065,2025-07-13,Mixer Grinder,Home Appliances,3.0,5513.1,South,Bengaluru,UPI,16539.300000000003,2025-07,2025
ORD101861,C1290,2025-07-22,Coffee Maker,Home Appliances,1.0,6948.71,West,Mumbai,Credit Card,6948.71,2025-07,2025
ORD101862,C1026,2025-08-31,Mixer Grinder,Home Appliances,2.0,5439.54,East,Kolkata,Debit Card,10879.08,2025-08,2025
ORD101863,C1149,2025-10-18,Air Fryer,Home Appliances,2.0,7810.04,East,Ranchi,Debit Card,15620.08,2025-10,2025
ORD101864,C1217,2025-06-26,Smartwatch,Electronics,1.0,6459.68,West,Surat,Net Banking,6459.68,2025-06,2025
ORD101865,C1078,2025-07-15,Desk,Furniture,4.0,12003.22,North,Delhi,UPI,48012.88,2025-07,2025
ORD101866,C1227,2025-04-21,Laptop,Electronics,2.0,55811.05,South,Chennai,Credit Card,111622.1,2025-04,2025
ORD101867,C1258,2025-11-20,Laptop,Electronics,1.0,51461.97,South,Bengaluru,UPI,51461.97,2025-11,2025
ORD101868,C1178,2025-01-02,Mixer Grinder,Home Appliances,1.0,4919.23,South,Hyderabad,Debit Card,4919.23,2025-01,2025
ORD101869,C1110,2025-09-23,Coffee Maker,Home Appliances,2.0,6784.79,South,Vijayawada,UPI,13569.58,2025-09,2025
ORD101870,C1184,2025-06-19,Keyboard,Accessories,3.0,1764.49,South,Bengaluru,Debit Card,5293.47,2025-06,2025
ORD101871,C1034,2025-02-22,Desk,Furniture,1.0,11963.34,West,Pune,UPI,11963.34,2025-02,2025
ORD101872,C1022,2025-04-01,Smartphone,Electronics,2.0,29106.92,West,Pune,Cash on Delivery,58213.84,2025-04,2025
ORD101873,C1154,2025-11-30,Backpack,Fashion,2.0,2232.3,East,Kolkata,Debit Card,4464.6,2025-11,2025
ORD101874,C1176,2025-08-01,T-Shirt,Fashion,3.0,1119.08,South,Hyderabad,Debit Card,3357.24,2025-08,2025
ORD101875,C1088,2025-07-10,Air Fryer,Home Appliances,1.0,7788.34,North,Chandigarh,Credit Card,7788.34,2025-07,2025
ORD101876,C1166,2025-09-07,Backpack,Fashion,1.0,2094.39,West,Pune,UPI,2094.39,2025-09,2025
ORD101877,C1197,2025-09-19,Coffee Maker,Home Appliances,1.0,6260.21,North,Delhi,Net Banking,6260.21,2025-09,2025
ORD101878,C1197,2025-11-09,Desk,Furniture,1.0,11302.4,South,Hyderabad,Debit Card,11302.4,2025-11,2025
ORD101879,C1336,2025-02-25,Smartwatch,Electronics,1.0,6798.15,South,Bengaluru,UPI,6798.15,2025-02,2025
ORD101880,C1143,2025-03-26,Mouse,Accessories,1.0,846.23,North,Delhi,UPI,846.23,2025-03,2025
ORD101881,C1302,2025-09-11,Coffee Maker,Home Appliances,2.0,6060.18,West,Mumbai,UPI,12120.36,2025-09,2025
ORD101882,C1293,2025-04-18,Mouse,Accessories,1.0,860.91,East,Ranchi,UPI,860.91,2025-04,2025
ORD101883,C1256,2025-12-28,Mixer Grinder,Home Appliances,1.0,5491.21,North,Delhi,Net Banking,5491.21,2025-12,2025
ORD101884,C1336,2025-07-22,Bookshelf,Furniture,2.0,7007.06,West,Ahmedabad,Net Banking,14014.12,2025-07,2025
ORD101885,C1004,2025-07-29,Headphones,Electronics,1.0,3710.25,West,Surat,UPI,3710.25,2025-07,2025
ORD101886,C1037,2025-11-17,Bookshelf,Furniture,2.0,6162.85,West,Pune,UPI,12325.7,2025-11,2025
ORD101887,C1123,2025-08-24,Headphones,Electronics,2.0,3358.73,South,Chennai,UPI,6717.46,2025-08,2025
ORD101888,C1243,2025-02-05,Air Fryer,Home Appliances,1.0,7601.23,East,Patna,UPI,7601.23,2025-02,2025
ORD101889,C1145,2025-08-20,Office Chair,Furniture,2.0,9120.85,East,Ranchi,Credit Card,18241.7,2025-08,2025
ORD101890,C1178,2025-07-06,Headphones,Electronics,1.0,3487.75,South,Bengaluru,UPI,3487.75,2025-07,2025
ORD101891,C1244,2025-04-10,Desk,Furniture,1.0,11415.76,South,Hyderabad,Credit Card,11415.76,2025-04,2025
ORD101892,C1019,2025-02-03,Laptop,Electronics,1.0,59109.24,South,Hyderabad,Credit Card,59109.24,2025-02,2025
ORD101893,C1182,2025-11-04,Mixer Grinder,Home Appliances,1.0,4915.05,South,Bengaluru,Cash on Delivery,4915.05,2025-11,2025
ORD101894,C1309,2025-08-16,Keyboard,Accessories,3.0,1788.56,South,Bengaluru,UPI,5365.68,2025-08,2025
ORD101895,C1222,2025-06-18,Desk,Furniture,1.0,12577.4,East,Patna,Net Banking,12577.4,2025-06,2025
ORD101896,C1022,2025-11-04,Smartwatch,Electronics,1.0,7515.29,North,Delhi,UPI,7515.29,2025-11,2025
ORD101897,C1228,2025-04-30,Smartphone,Electronics,2.0,27047.89,South,Vijayawada,UPI,54095.78,2025-04,2025
ORD101898,C1050,2025-05-01,Office Chair,Furniture,1.0,8162.31,North,Jaipur,Debit Card,8162.31,2025-05,2025
ORD101899,C1246,2025-10-05,T-Shirt,Fashion,1.0,1191.24,South,Bengaluru,Credit Card,1191.24,2025-10,2025
ORD101900,C1053,2025-06-12,Mixer Grinder,Home Appliances,3.0,5380.01,West,Surat,Cash on Delivery,16140.03,2025-06,2025
ORD101901,C1216,2025-12-09,Bookshelf,Furniture,1.0,6159.59,West,Surat,Credit Card,6159.59,2025-12,2025
ORD101902,C1055,2025-01-16,Office Chair,Furniture,2.0,8075.62,North,Lucknow,UPI,16151.24,2025-01,2025
ORD101903,C1270,2025-08-23,Laptop,Electronics,4.0,57195.48,North,Chandigarh,Credit Card,228781.92,2025-08,2025
ORD101904,C1228,2025-07-17,Coffee Maker,Home Appliances,2.0,6089.81,East,Ranchi,UPI,12179.62,2025-07,2025
ORD101905,C1026,2025-04-05,Mixer Grinder,Home Appliances,3.0,4916.16,West,Mumbai,Net Banking,14748.48,2025-04,2025
ORD101906,C1181,2025-04-03,Running Shoes,Fashion,2.0,4750.36,South,Bengaluru,Credit Card,9500.72,2025-04,2025
ORD101907,C1113,2025-05-01,Desk,Furniture,2.0,12670.63,South,Chennai,UPI,25341.26,2025-05,2025
ORD101908,C1276,2025-06-02,Backpack,Fashion,1.0,2033.03,South,Chennai,UPI,2033.03,2025-06,2025
ORD101909,C1129,2025-10-12,Office Chair,Furniture,3.0,9126.12,North,Lucknow,UPI,27378.36,2025-10,2025
ORD101910,C1315,2025-01-23,Running Shoes,Fashion,1.0,4178.34,South,Hyderabad,UPI,4178.34,2025-01,2025
ORD101911,C1306,2025-09-06,Smartphone,Electronics,2.0,27058.05,North,Jaipur,Debit Card,54116.1,2025-09,2025
ORD101912,C1140,2025-04-26,Air Fryer,Home Appliances,3.0,8120.81,North,Jaipur,UPI,24362.43,2025-04,2025
ORD101913,C1054,2025-10-04,Mixer Grinder,Home Appliances,1.0,4804.31,South,Bengaluru,Net Banking,4804.31,2025-10,2025
ORD101914,C1044,2025-05-20,T-Shirt,Fashion,2.0,1223.82,East,Ranchi,Debit Card,2447.64,2025-05,2025
ORD101915,C1082,2025-06-23,T-Shirt,Fashion,4.0,1271.16,North,Jaipur,Debit Card,5084.64,2025-06,2025
ORD101916,C1244,2025-05-27,Air Fryer,Home Appliances,1.0,7388.47,South,Bengaluru,UPI,7388.47,2025-05,2025
ORD101917,C1182,2025-10-08,Bookshelf,Furniture,2.0,6389.64,East,Kolkata,Credit Card,12779.28,2025-10,2025
ORD101918,C1171,2025-04-21,Bookshelf,Furniture,3.0,6293.78,West,Pune,UPI,18881.34,2025-04,2025
ORD101919,C1205,2025-12-04,Air Fryer,Home Appliances,1.0,8420.93,South,Vijayawada,UPI,8420.93,2025-12,2025
ORD101920,C1081,2025-06-01,Bookshelf,Furniture,5.0,6427.85,North,Jaipur,Credit Card,32139.25,2025-06,2025
ORD101921,C1315,2025-07-09,Smartphone,Electronics,3.0,25830.28,South,Chennai,Debit Card,77490.84,2025-07,2025
ORD101922,C1203,2025-07-11,Mixer Grinder,Home Appliances,2.0,5285.12,West,Mumbai,UPI,10570.24,2025-07,2025
ORD101923,C1175,2025-07-09,Smartwatch,Electronics,1.0,6710.87,West,Mumbai,UPI,6710.87,2025-07,2025
ORD101924,C1150,2025-05-03,Running Shoes,Fashion,3.0,4175.69,East,Ranchi,Net Banking,12527.07,2025-05,2025
ORD101925,C1097,2025-05-26,Running Shoes,Fashion,2.0,4389.99,West,Pune,Debit Card,8779.98,2025-05,2025
ORD101926,C1247,2025-12-09,Mouse,Accessories,2.0,844.06,East,Kolkata,Credit Card,1688.12,2025-12,2025
ORD101927,C1298,2025-04-19,T-Shirt,Fashion,2.0,1217.85,East,Kolkata,Credit Card,2435.7,2025-04,2025
ORD101928,C1160,2025-09-24,Smartphone,Electronics,1.0,27695.22,South,Chennai,Debit Card,27695.22,2025-09,2025
ORD101929,C1113,2025-09-16,Headphones,Electronics,3.0,3776.27,West,Pune,Net Banking,11328.81,2025-09,2025
ORD101930,C1233,2025-01-13,Desk,Furniture,1.0,11460.56,South,Vijayawada,Credit Card,11460.56,2025-01,2025
ORD101931,C1303,2025-12-08,Smartwatch,Electronics,1.0,6868.68,West,Pune,Cash on Delivery,6868.68,2025-12,2025
ORD101932,C1148,2025-10-14,Running Shoes,Fashion,1.0,4290.63,South,Vijayawada,UPI,4290.63,2025-10,2025
ORD101933,C1134,2025-12-11,Keyboard,Accessories,1.0,1734.86,West,Surat,Credit Card,1734.86,2025-12,2025
ORD101934,C1092,2025-11-27,Coffee Maker,Home Appliances,3.0,6112.66,South,Hyderabad,Cash on Delivery,18337.98,2025-11,2025
ORD101935,C1033,2025-10-18,Running Shoes,Fashion,2.0,4423.05,South,Bengaluru,UPI,8846.1,2025-10,2025
ORD101936,C1301,2025-01-30,Running Shoes,Fashion,1.0,4699.84,North,Delhi,UPI,4699.84,2025-01,2025
ORD101937,C1276,2025-11-23,Air Fryer,Home Appliances,1.0,7474.53,South,Chennai,UPI,7474.53,2025-11,2025
ORD101938,C1074,2025-06-09,Running Shoes,Fashion,3.0,4356.87,West,Pune,Cash on Delivery,13070.61,2025-06,2025
ORD101939,C1080,2025-03-18,Headphones,Electronics,2.0,3507.86,West,Pune,UPI,7015.72,2025-03,2025
ORD101940,C1320,2025-03-15,Laptop,Electronics,2.0,56846.53,North,Jaipur,Cash on Delivery,113693.06,2025-03,2025
ORD101941,C1207,2025-02-20,Mouse,Accessories,1.0,915.67,South,Hyderabad,UPI,915.67,2025-02,2025
ORD101942,C1148,2025-07-30,Mouse,Accessories,1.0,948.1,North,Lucknow,Credit Card,948.1,2025-07,2025
ORD101943,C1118,2025-11-19,Bookshelf,Furniture,1.0,6603.43,West,Ahmedabad,Debit Card,6603.43,2025-11,2025
ORD101944,C1106,2025-01-19,Running Shoes,Fashion,2.0,4440.42,East,Kolkata,Credit Card,8880.84,2025-01,2025
ORD101945,C1160,2025-04-29,Headphones,Electronics,2.0,3717.84,West,Ahmedabad,Debit Card,7435.68,2025-04,2025
ORD101946,C1002,2025-06-23,Desk,Furniture,1.0,12531.19,West,Unknown,UPI,12531.19,2025-06,2025
ORD101947,C1142,2025-12-09,Mouse,Accessories,2.0,880.47,East,Bhubaneswar,Credit Card,1760.94,2025-12,2025
ORD101948,C1070,2025-12-18,Laptop,Electronics,3.0,58006.58,East,Unknown,UPI,174019.74,2025-12,2025
ORD101949,C1070,2025-03-08,Keyboard,Accessories,1.0,1870.93,West,Ahmedabad,UPI,1870.93,2025-03,2025
ORD101950,C1287,2025-05-30,Headphones,Electronics,2.0,3517.18,East,Bhubaneswar,Net Banking,7034.36,2025-05,2025
ORD101951,C1042,2025-01-16,Bookshelf,Furniture,1.0,6503.36,West,Pune,Credit Card,6503.36,2025-01,2025
ORD101952,C1215,2025-02-01,Smartphone,Electronics,1.0,28679.48,South,Hyderabad,UPI,28679.48,2025-02,2025
ORD101953,C1109,2025-10-25,Bookshelf,Furniture,3.0,6884.55,North,Delhi,Debit Card,20653.65,2025-10,2025
ORD101954,C1208,2025-07-21,Headphones,Electronics,1.0,3526.81,East,Patna,UPI,3526.81,2025-07,2025
ORD101955,C1246,2025-06-23,Office Chair,Furniture,1.0,8761.76,South,Bengaluru,UPI,8761.76,2025-06,2025
ORD101956,C1293,2025-03-24,Desk,Furniture,4.0,11266.87,North,Chandigarh,Net Banking,45067.48,2025-03,2025
ORD101957,C1203,2025-01-25,Laptop,Electronics,1.0,56877.42,East,Ranchi,Credit Card,56877.42,2025-01,2025
ORD101958,C1102,2025-12-28,Mixer Grinder,Home Appliances,1.0,5535.18,South,Vijayawada,UPI,5535.18,2025-12,2025
ORD101959,C1218,2025-09-22,Backpack,Fashion,3.0,2064.28,West,Pune,Credit Card,6192.84,2025-09,2025
ORD101960,C1105,2025-04-12,Office Chair,Furniture,4.0,8291.28,West,Ahmedabad,Credit Card,33165.12,2025-04,2025
ORD101961,C1328,2025-03-02,T-Shirt,Fashion,1.0,1132.46,North,Jaipur,UPI,1132.46,2025-03,2025
ORD101962,C1132,2025-09-26,Office Chair,Furniture,1.0,8122.94,West,Ahmedabad,Credit Card,8122.94,2025-09,2025
ORD101963,C1001,2025-11-19,Office Chair,Furniture,1.0,7854.66,West,Pune,UPI,7854.66,2025-11,2025
ORD101964,C1203,2025-12-16,T-Shirt,Fashion,1.0,1205.77,East,Bhubaneswar,Debit Card,1205.77,2025-12,2025
ORD101965,C1271,2025-01-31,Office Chair,Furniture,2.0,8258.45,South,Hyderabad,UPI,16516.9,2025-01,2025
ORD101966,C1235,2025-01-21,Office Chair,Furniture,2.0,8059.29,West,Ahmedabad,Debit Card,16118.58,2025-01,2025
ORD101967,C1268,2025-06-29,Mouse,Accessories,1.0,869.75,North,Jaipur,Credit Card,869.75,2025-06,2025
ORD101968,C1214,2025-09-16,Mixer Grinder,Home Appliances,2.0,5344.38,West,Ahmedabad,Credit Card,10688.76,2025-09,2025
ORD101969,C1327,2025-11-19,T-Shirt,Fashion,4.0,1193.56,East,Kolkata,Cash on Delivery,4774.24,2025-11,2025
ORD101970,C1017,2025-11-29,Laptop,Electronics,2.0,52687.93,West,Pune,Credit Card,105375.86,2025-11,2025
ORD101971,C1244,2025-01-27,Laptop,Electronics,3.0,56362.25,South,Vijayawada,UPI,169086.75,2025-01,2025
ORD101972,C1045,2025-01-17,Air Fryer,Home Appliances,1.0,7288.13,South,Chennai,UPI,7288.13,2025-01,2025
ORD101973,C1184,2025-11-19,Air Fryer,Home Appliances,1.0,8250.67,North,Lucknow,Cash on Delivery,8250.67,2025-11,2025
ORD101974,C1223,2025-12-07,Smartphone,Electronics,4.0,29601.44,South,Hyderabad,Credit Card,118405.76,2025-12,2025
ORD101975,Unknown,2025-03-20,Office Chair,Furniture,2.0,8517.87,North,Jaipur,UPI,17035.74,2025-03,2025
ORD101976,C1084,2025-03-10,Mixer Grinder,Home Appliances,1.0,5526.49,South,Bengaluru,UPI,5526.49,2025-03,2025
ORD101977,C1334,2025-06-16,Coffee Maker,Home Appliances,2.0,6533.41,North,Delhi,Cash on Delivery,13066.82,2025-06,2025
ORD101978,C1124,2025-10-31,Laptop,Electronics,1.0,55702.09,East,Ranchi,Debit Card,55702.09,2025-10,2025
ORD101979,C1241,2025-07-18,Mixer Grinder,Home Appliances,1.0,5290.64,South,Bengaluru,UPI,5290.64,2025-07,2025
ORD101980,C1017,2025-03-08,Running Shoes,Fashion,3.0,4168.0,North,Lucknow,Debit Card,12504.0,2025-03,2025
ORD101981,C1111,2025-10-05,Office Chair,Furniture,2.0,9111.14,East,Patna,Credit Card,18222.28,2025-10,2025
ORD101982,C1171,2025-04-05,Coffee Maker,Home Appliances,3.0,5992.03,South,Vijayawada,UPI,17976.09,2025-04,2025
ORD101983,C1120,2025-05-12,Mouse,Accessories,1.0,851.58,West,Ahmedabad,UPI,851.58,2025-05,2025
ORD101984,C1160,2025-05-04,Air Fryer,Home Appliances,1.0,7704.26,East,Bhubaneswar,UPI,7704.26,2025-05,2025
ORD101985,C1142,2025-01-11,Bookshelf,Furniture,2.0,6825.35,West,Pune,Credit Card,13650.7,2025-01,2025
ORD101986,C1345,2025-05-09,Keyboard,Accessories,4.0,1733.46,East,Ranchi,Net Banking,6933.84,2025-05,2025
ORD101987,C1260,2025-08-27,Backpack,Fashion,5.0,2179.43,West,Surat,Debit Card,10897.15,2025-08,2025
ORD101988,C1138,2025-10-19,Bookshelf,Furniture,1.0,6343.01,West,Ahmedabad,Debit Card,6343.01,2025-10,2025
ORD101989,C1049,2025-08-03,Backpack,Fashion,3.0,2233.8,East,Patna,Debit Card,6701.400000000001,2025-08,2025
ORD101990,C1126,2025-06-27,Mixer Grinder,Home Appliances,3.0,5615.21,West,Surat,Debit Card,16845.63,2025-06,2025
ORD101991,C1065,2025-04-20,Smartwatch,Electronics,1.0,6715.42,North,Lucknow,Debit Card,6715.42,2025-04,2025
ORD101992,C1300,2025-10-03,Mouse,Accessories,2.0,891.11,North,Delhi,Credit Card,1782.22,2025-10,2025
ORD101993,C1265,2025-07-26,Mouse,Accessories,3.0,923.05,East,Kolkata,UPI,2769.1499999999996,2025-07,2025
ORD101994,C1264,2025-01-09,Headphones,Electronics,1.0,3319.67,South,Vijayawada,UPI,3319.67,2025-01,2025
ORD101995,C1182,2025-11-15,Desk,Furniture,2.0,11608.02,South,Chennai,UPI,23216.04,2025-11,2025
ORD101996,C1037,2025-01-30,Mixer Grinder,Home Appliances,4.0,5051.35,South,Vijayawada,UPI,20205.4,2025-01,2025
ORD101997,C1181,2025-09-02,Headphones,Electronics,1.0,3716.19,North,Delhi,UPI,3716.19,2025-09,2025
ORD101998,C1038,2025-04-17,Backpack,Fashion,1.0,2129.83,South,Chennai,UPI,2129.83,2025-04,2025
ORD101999,C1300,2025-07-02,Running Shoes,Fashion,4.0,4324.93,West,Surat,UPI,17299.72,2025-07,2025
ORD102000,C1287,2025-05-23,Headphones,Electronics,1.0,3446.72,East,Kolkata,Credit Card,3446.72,2025-05,2025
ORD102001,C1062,2025-06-26,Air Fryer,Home Appliances,1.0,8412.73,North,Lucknow,UPI,8412.73,2025-06,2025
ORD102002,C1335,2025-09-01,Desk,Furniture,2.0,11918.07,East,Kolkata,UPI,23836.14,2025-09,2025
ORD102003,C1350,2025-04-26,Coffee Maker,Home Appliances,1.0,6036.17,South,Vijayawada,Net Banking,6036.17,2025-04,2025
ORD102004,C1113,2025-08-08,Desk,Furniture,1.0,11903.12,South,Hyderabad,UPI,11903.12,2025-08,2025
ORD102005,C1121,2025-07-25,Running Shoes,Fashion,3.0,4483.33,West,Ahmedabad,Credit Card,13449.99,2025-07,2025
ORD102006,C1112,2025-05-04,Backpack,Fashion,2.0,2078.02,West,Mumbai,Net Banking,4156.04,2025-05,2025
ORD102007,C1025,2025-05-05,Desk,Furniture,2.0,12149.55,North,Lucknow,Net Banking,24299.1,2025-05,2025
ORD102008,C1212,2025-06-08,Backpack,Fashion,1.0,2271.1,South,Vijayawada,Credit Card,2271.1,2025-06,2025
ORD102009,C1032,2025-03-19,Running Shoes,Fashion,2.0,4240.94,West,Ahmedabad,Credit Card,8481.88,2025-03,2025
ORD102010,C1137,2025-12-18,Bookshelf,Furniture,1.0,6925.05,North,Chandigarh,Credit Card,6925.05,2025-12,2025
ORD102011,C1114,2025-02-12,Laptop,Electronics,2.0,57589.35,West,Mumbai,Credit Card,115178.7,2025-02,2025
ORD102012,C1247,2025-12-02,Backpack,Fashion,1.0,2252.45,East,Kolkata,UPI,2252.45,2025-12,2025
ORD102013,C1151,2025-08-05,Desk,Furniture,2.0,12950.28,South,Chennai,Cash on Delivery,25900.56,2025-08,2025
ORD102014,C1114,2025-03-19,Headphones,Electronics,3.0,3710.95,North,Delhi,Debit Card,11132.849999999999,2025-03,2025
ORD102015,C1026,2025-02-10,Mixer Grinder,Home Appliances,2.0,4910.94,West,Surat,Credit Card,9821.88,2025-02,2025
ORD102016,C1174,2025-05-09,Smartphone,Electronics,1.0,27516.55,South,Hyderabad,Credit Card,27516.55,2025-05,2025
ORD102017,C1052,2025-09-28,Running Shoes,Fashion,3.0,4578.59,South,Chennai,Credit Card,13735.77,2025-09,2025
ORD102018,C1245,2025-01-26,Air Fryer,Home Appliances,2.0,7981.24,West,Pune,UPI,15962.48,2025-01,2025
ORD102020,C1026,2025-09-19,Bookshelf,Furniture,1.0,6728.06,South,Hyderabad,UPI,6728.06,2025-09,2025
ORD102021,C1350,2025-06-12,Running Shoes,Fashion,1.0,4822.14,West,Pune,Net Banking,4822.14,2025-06,2025
ORD102022,C1181,2025-01-12,Bookshelf,Furniture,1.0,6886.13,West,Pune,UPI,6886.13,2025-01,2025
ORD102023,C1169,2025-09-23,Desk,Furniture,3.0,12037.85,East,Bhubaneswar,Debit Card,36113.55,2025-09,2025
ORD102024,C1301,2025-12-04,Laptop,Electronics,1.0,56248.95,West,Surat,UPI,56248.95,2025-12,2025
ORD102025,C1069,2025-11-23,Bookshelf,Furniture,1.0,6783.17,South,Chennai,Credit Card,6783.17,2025-11,2025
ORD102026,C1248,2025-08-23,Backpack,Fashion,3.0,2208.59,East,Kolkata,UPI,6625.77,2025-08,2025
ORD102027,C1008,2025-01-12,Keyboard,Accessories,1.0,1938.44,West,Surat,Debit Card,1938.44,2025-01,2025
ORD102028,C1164,2025-02-11,Air Fryer,Home Appliances,1.0,7277.21,West,Mumbai,Cash on Delivery,7277.21,2025-02,2025
ORD102029,C1102,2025-01-22,Running Shoes,Fashion,2.0,4746.33,West,Pune,Credit Card,9492.66,2025-01,2025
ORD102030,C1117,2025-10-12,Headphones,Electronics,1.0,3717.74,South,Vijayawada,Credit Card,3717.74,2025-10,2025
ORD102031,C1219,2025-07-24,Smartwatch,Electronics,4.0,7146.83,East,Bhubaneswar,Credit Card,28587.32,2025-07,2025
ORD102032,C1229,2025-06-27,Headphones,Electronics,1.0,3284.89,South,Bengaluru,UPI,3284.89,2025-06,2025
ORD102033,C1052,2025-07-23,Backpack,Fashion,1.0,2075.34,North,Delhi,UPI,2075.34,2025-07,2025
ORD102034,C1220,2025-05-06,Backpack,Fashion,3.0,2288.5,West,Ahmedabad,Net Banking,6865.5,2025-05,2025
ORD102035,C1117,2025-06-26,Keyboard,Accessories,1.0,1750.29,West,Ahmedabad,UPI,1750.29,2025-06,2025
ORD102036,C1175,2025-05-29,T-Shirt,Fashion,2.0,1269.98,South,Vijayawada,UPI,2539.96,2025-05,2025
ORD102037,C1253,2025-05-23,Coffee Maker,Home Appliances,5.0,6698.92,North,Jaipur,Credit Card,33494.6,2025-05,2025
ORD102038,C1005,2025-06-23,Headphones,Electronics,1.0,3344.66,West,Ahmedabad,Credit Card,3344.66,2025-06,2025
ORD102039,C1061,2025-08-09,Mouse,Accessories,2.0,961.34,West,Surat,UPI,1922.68,2025-08,2025
ORD102040,C1340,2025-12-11,Keyboard,Accessories,2.0,1726.84,East,Ranchi,Debit Card,3453.68,2025-12,2025
ORD102041,C1302,2025-04-11,Office Chair,Furniture,2.0,8938.7,South,Hyderabad,Credit Card,17877.4,2025-04,2025
ORD102042,C1030,2025-07-11,Keyboard,Accessories,2.0,1776.29,West,Ahmedabad,UPI,3552.58,2025-07,2025
ORD102043,C1247,2025-10-07,Air Fryer,Home Appliances,1.0,8305.0,South,Vijayawada,UPI,8305.0,2025-10,2025
ORD102044,C1161,2025-08-18,Coffee Maker,Home Appliances,1.0,6467.55,West,Pune,UPI,6467.55,2025-08,2025
ORD102045,C1017,2025-04-29,Mouse,Accessories,2.0,852.47,South,Hyderabad,UPI,1704.94,2025-04,2025
ORD102046,C1258,2025-05-09,T-Shirt,Fashion,1.0,1130.51,South,Vijayawada,Credit Card,1130.51,2025-05,2025
ORD102047,C1015,2025-10-25,Mouse,Accessories,2.0,922.55,West,Surat,Cash on Delivery,1845.1,2025-10,2025
ORD102048,C1192,2025-04-17,T-Shirt,Fashion,2.0,1142.77,South,Vijayawada,Debit Card,2285.54,2025-04,2025
ORD102049,C1078,2025-07-21,Smartphone,Electronics,2.0,28969.59,South,Vijayawada,Debit Card,57939.18,2025-07,2025
ORD102050,C1071,2025-05-31,Headphones,Electronics,5.0,3242.53,West,Ahmedabad,UPI,16212.650000000001,2025-05,2025
ORD102051,C1234,2025-09-19,Backpack,Fashion,3.0,2181.95,North,Delhi,UPI,6545.849999999999,2025-09,2025
ORD102052,C1320,2025-05-12,Bookshelf,Furniture,2.0,6344.93,East,Bhubaneswar,Credit Card,12689.86,2025-05,2025
ORD102053,C1296,2025-03-02,Keyboard,Accessories,2.0,1761.73,North,Delhi,Credit Card,3523.46,2025-03,2025
ORD102054,C1037,2025-01-06,Laptop,Electronics,1.0,54246.81,East,Bhubaneswar,UPI,54246.81,2025-01,2025
ORD102055,C1079,2025-07-03,Mixer Grinder,Home Appliances,2.0,4903.68,South,Chennai,Credit Card,9807.36,2025-07,2025
ORD102056,C1031,2025-02-07,Running Shoes,Fashion,2.0,4356.93,West,Pune,Credit Card,8713.86,2025-02,2025
ORD102057,C1157,2025-11-11,Headphones,Electronics,2.0,3567.38,North,Delhi,Cash on Delivery,7134.76,2025-11,2025
ORD102058,Unknown,2025-12-12,Backpack,Fashion,3.0,2171.75,East,Kolkata,UPI,6515.25,2025-12,2025
ORD102059,C1162,2025-03-05,Running Shoes,Fashion,3.0,4502.37,South,Vijayawada,Credit Card,13507.11,2025-03,2025
ORD102060,C1323,2025-12-02,Mouse,Accessories,4.0,862.31,North,Delhi,Unknown,3449.24,2025-12,2025
ORD102061,C1347,2025-08-09,Smartwatch,Electronics,1.0,7136.32,North,Delhi,Net Banking,7136.32,2025-08,2025
ORD102062,C1315,2025-04-06,Mouse,Accessories,2.0,861.82,South,Vijayawada,UPI,1723.64,2025-04,2025
ORD102063,C1028,2025-03-08,T-Shirt,Fashion,1.0,1140.43,South,Bengaluru,Net Banking,1140.43,2025-03,2025
ORD102064,C1272,2025-01-13,Keyboard,Accessories,3.0,1777.58,South,Vijayawada,UPI,5332.74,2025-01,2025
ORD102065,C1263,2025-09-26,Keyboard,Accessories,1.0,1824.66,North,Lucknow,Debit Card,1824.66,2025-09,2025
ORD102066,C1026,2025-06-29,Backpack,Fashion,2.0,2043.18,North,Jaipur,UPI,4086.36,2025-06,2025
ORD102067,C1236,2025-08-24,Laptop,Electronics,1.0,55809.67,North,Delhi,Debit Card,55809.67,2025-08,2025
ORD102068,C1185,2025-07-16,Keyboard,Accessories,4.0,1865.18,North,Lucknow,UPI,7460.72,2025-07,2025
ORD102069,C1321,2025-09-23,Bookshelf,Furniture,2.0,6792.37,West,Ahmedabad,Cash on Delivery,13584.74,2025-09,2025
ORD102070,C1224,2025-11-20,Laptop,Electronics,4.0,50623.01,East,Patna,UPI,202492.04,2025-11,2025
ORD102071,C1083,2025-12-24,Air Fryer,Home Appliances,1.0,7189.56,South,Chennai,UPI,7189.56,2025-12,2025
ORD102072,C1092,2025-01-22,Air Fryer,Home Appliances,5.0,7735.8,East,Patna,Net Banking,38679.0,2025-01,2025
ORD102073,C1034,2025-12-13,Smartphone,Electronics,2.0,28017.63,East,Kolkata,UPI,56035.26,2025-12,2025
ORD102074,C1152,2025-06-18,Mixer Grinder,Home Appliances,3.0,5318.4,North,Lucknow,UPI,15955.199999999999,2025-06,2025
ORD102075,C1284,2025-07-12,Smartphone,Electronics,2.0,28473.67,South,Chennai,Credit Card,56947.34,2025-07,2025
ORD102076,C1185,2025-09-18,Office Chair,Furniture,2.0,8781.12,East,Bhubaneswar,Net Banking,17562.24,2025-09,2025
ORD102077,C1283,2025-02-03,Headphones,Electronics,3.0,3294.46,North,Delhi,UPI,9883.380000000001,2025-02,2025
ORD102078,C1101,2025-05-06,Mixer Grinder,Home Appliances,3.0,5431.81,South,Bengaluru,UPI,16295.43,2025-05,2025
ORD102079,C1076,2025-09-15,Keyboard,Accessories,2.0,1718.08,South,Bengaluru,UPI,3436.16,2025-09,2025
ORD102080,C1339,2025-10-04,Backpack,Fashion,2.0,2224.15,West,Ahmedabad,Credit Card,4448.3,2025-10,2025
ORD102081,C1205,2025-09-18,Desk,Furniture,1.0,12595.37,West,Surat,Debit Card,12595.37,2025-09,2025
ORD102082,C1001,2025-06-29,Mixer Grinder,Home Appliances,3.0,4963.24,North,Delhi,UPI,14889.72,2025-06,2025
ORD102083,C1160,2025-01-23,Running Shoes,Fashion,2.0,4801.73,East,Bhubaneswar,Credit Card,9603.46,2025-01,2025
ORD102084,C1085,2025-02-25,Bookshelf,Furniture,2.0,6063.57,South,Bengaluru,Net Banking,12127.14,2025-02,2025
ORD102085,C1300,2025-04-29,Smartphone,Electronics,2.0,28029.94,South,Hyderabad,Debit Card,56059.88,2025-04,2025
ORD102086,C1179,2025-06-25,Bookshelf,Furniture,1.0,6710.32,South,Bengaluru,Debit Card,6710.32,2025-06,2025
ORD102087,C1141,2025-12-22,Bookshelf,Furniture,1.0,6190.73,South,Hyderabad,Credit Card,6190.73,2025-12,2025
ORD102088,C1250,2025-01-28,Desk,Furniture,2.0,11332.89,South,Vijayawada,UPI,22665.78,2025-01,2025
ORD102089,C1132,2025-03-21,Coffee Maker,Home Appliances,1.0,6561.26,South,Hyderabad,Credit Card,6561.26,2025-03,2025
ORD102090,C1300,2025-03-16,T-Shirt,Fashion,1.0,1208.07,East,Bhubaneswar,Debit Card,1208.07,2025-03,2025
ORD102091,C1151,2025-05-01,Headphones,Electronics,1.0,3525.58,North,Jaipur,Debit Card,3525.58,2025-05,2025
ORD102092,C1187,2025-05-14,Office Chair,Furniture,1.0,8351.16,South,Vijayawada,UPI,8351.16,2025-05,2025
ORD102093,C1029,2025-12-04,Bookshelf,Furniture,4.0,6405.77,North,Lucknow,UPI,25623.08,2025-12,2025
ORD102094,C1262,2025-11-21,T-Shirt,Fashion,1.0,1169.2,South,Hyderabad,Cash on Delivery,1169.2,2025-11,2025
ORD102095,C1347,2025-05-21,Running Shoes,Fashion,1.0,4393.32,South,Chennai,Credit Card,4393.32,2025-05,2025
ORD102096,C1213,2025-09-19,Laptop,Electronics,2.0,52794.53,East,Patna,Credit Card,105589.06,2025-09,2025
ORD102097,C1056,2025-12-26,T-Shirt,Fashion,1.0,1194.04,East,Bhubaneswar,UPI,1194.04,2025-12,2025
ORD102098,C1021,2025-06-01,Smartphone,Electronics,2.0,27235.19,West,Ahmedabad,Credit Card,54470.38,2025-06,2025
ORD102099,C1275,2025-04-29,Office Chair,Furniture,2.0,9004.91,West,Ahmedabad,UPI,18009.82,2025-04,2025
ORD102100,C1227,2025-07-25,Air Fryer,Home Appliances,4.0,7703.1,West,Ahmedabad,Credit Card,30812.4,2025-07,2025
ORD102101,C1072,2025-01-03,Keyboard,Accessories,4.0,1701.24,East,Patna,Debit Card,6804.96,2025-01,2025
ORD102102,C1240,2025-07-17,Backpack,Fashion,1.0,2322.5,East,Patna,UPI,2322.5,2025-07,2025
ORD102103,C1195,2025-02-10,Bookshelf,Furniture,1.0,6806.1,West,Mumbai,Credit Card,6806.1,2025-02,2025
ORD102104,C1270,2025-05-27,Mouse,Accessories,2.0,940.04,East,Bhubaneswar,Credit Card,1880.08,2025-05,2025
ORD102105,C1099,2025-10-30,Keyboard,Accessories,2.0,1734.83,West,Surat,Debit Card,3469.66,2025-10,2025
ORD102106,C1035,2025-03-26,T-Shirt,Fashion,4.0,1188.35,West,Pune,Debit Card,4753.4,2025-03,2025
ORD102107,C1200,2025-08-24,T-Shirt,Fashion,2.0,1198.03,West,Mumbai,Credit Card,2396.06,2025-08,2025
ORD102108,C1048,2025-08-20,Backpack,Fashion,1.0,2339.01,South,Chennai,UPI,2339.01,2025-08,2025
ORD102109,C1037,2025-05-09,Laptop,Electronics,1.0,57295.0,North,Delhi,Debit Card,57295.0,2025-05,2025
ORD102110,C1332,2025-06-28,Smartphone,Electronics,1.0,29031.4,North,Jaipur,UPI,29031.4,2025-06,2025
ORD102111,C1070,2025-02-13,Smartwatch,Electronics,2.0,7225.78,South,Vijayawada,Credit Card,14451.56,2025-02,2025
ORD102112,C1096,2025-10-16,Smartwatch,Electronics,1.0,7438.64,West,Mumbai,Cash on Delivery,7438.64,2025-10,2025
ORD102113,C1033,2025-05-31,Mouse,Accessories,1.0,854.18,West,Mumbai,Debit Card,854.18,2025-05,2025
ORD102114,C1013,2025-12-23,Mixer Grinder,Home Appliances,5.0,5046.88,West,Mumbai,UPI,25234.4,2025-12,2025
ORD102115,C1052,2025-02-18,Smartphone,Electronics,2.0,27088.07,North,Delhi,Unknown,54176.14,2025-02,2025
ORD102116,C1180,2025-09-10,Smartwatch,Electronics,4.0,6766.31,West,Pune,Net Banking,27065.24,2025-09,2025
ORD102117,C1188,2025-01-24,Smartwatch,Electronics,2.0,7044.71,West,Ahmedabad,Debit Card,14089.42,2025-01,2025
ORD102118,C1083,2025-01-26,Smartwatch,Electronics,1.0,7367.97,West,Ahmedabad,UPI,7367.97,2025-01,2025
ORD102119,C1230,2025-11-15,Air Fryer,Home Appliances,2.0,7464.31,South,Chennai,Credit Card,14928.62,2025-11,2025
ORD102120,C1140,2025-04-23,Running Shoes,Fashion,2.0,4667.84,South,Bengaluru,UPI,9335.68,2025-04,2025
ORD102121,C1034,2025-02-10,Mixer Grinder,Home Appliances,1.0,5593.64,South,Chennai,UPI,5593.64,2025-02,2025
ORD102122,C1328,2025-04-27,Office Chair,Furniture,1.0,8702.67,West,Surat,UPI,8702.67,2025-04,2025
ORD102123,C1110,2025-08-30,Mouse,Accessories,3.0,971.17,East,Kolkata,Cash on Delivery,2913.5099999999998,2025-08,2025
ORD102124,C1072,2025-03-03,Office Chair,Furniture,3.0,8052.26,West,Pune,Credit Card,24156.78,2025-03,2025
ORD102125,C1143,2025-10-11,Mixer Grinder,Home Appliances,3.0,5069.48,South,Vijayawada,UPI,15208.439999999999,2025-10,2025
ORD102126,C1326,2025-07-01,Smartwatch,Electronics,2.0,6605.88,South,Vijayawada,Debit Card,13211.76,2025-07,2025
ORD102127,C1287,2025-06-11,Smartphone,Electronics,1.0,27576.27,South,Bengaluru,Credit Card,27576.27,2025-06,2025
ORD102128,C1038,2025-02-10,Mixer Grinder,Home Appliances,1.0,4890.7,West,Pune,UPI,4890.7,2025-02,2025
ORD102129,C1244,2025-03-28,Keyboard,Accessories,2.0,1733.65,South,Hyderabad,UPI,3467.3,2025-03,2025
ORD102130,C1165,2025-04-11,Keyboard,Accessories,1.0,1660.49,South,Chennai,Debit Card,1660.49,2025-04,2025
ORD102131,C1210,2025-12-29,Desk,Furniture,2.0,12008.84,West,Mumbai,UPI,24017.68,2025-12,2025
ORD102132,C1229,2025-03-30,Desk,Furniture,2.0,11557.36,West,Ahmedabad,UPI,23114.72,2025-03,2025
ORD102133,C1307,2025-09-24,Headphones,Electronics,1.0,3573.77,South,Chennai,UPI,3573.77,2025-09,2025
ORD102134,C1037,2025-07-13,Desk,Furniture,4.0,12297.88,West,Ahmedabad,UPI,49191.52,2025-07,2025
ORD102135,C1333,2025-07-14,Backpack,Fashion,4.0,2348.08,South,Hyderabad,UPI,9392.32,2025-07,2025
ORD102136,C1073,2025-11-16,Backpack,Fashion,1.0,2117.48,West,Ahmedabad,UPI,2117.48,2025-11,2025
ORD102137,C1068,2025-05-06,Air Fryer,Home Appliances,1.0,7837.48,East,Ranchi,UPI,7837.48,2025-05,2025
ORD102138,C1306,2025-06-10,Running Shoes,Fashion,2.0,4743.72,West,Mumbai,UPI,9487.44,2025-06,2025
ORD102139,C1018,2025-02-21,Mouse,Accessories,1.0,902.24,South,Hyderabad,UPI,902.24,2025-02,2025
ORD102140,C1176,2025-09-30,Air Fryer,Home Appliances,4.0,7535.82,South,Chennai,Cash on Delivery,30143.28,2025-09,2025
ORD102141,C1063,2025-07-06,Bookshelf,Furniture,4.0,6211.4,North,Lucknow,Credit Card,24845.6,2025-07,2025
ORD102142,C1249,2025-09-11,Desk,Furniture,1.0,12226.03,West,Pune,Cash on Delivery,12226.03,2025-09,2025
ORD102143,C1014,2025-03-30,Bookshelf,Furniture,4.0,6635.85,South,Bengaluru,UPI,26543.4,2025-03,2025
ORD102144,C1085,2025-11-01,Mixer Grinder,Home Appliances,2.0,5516.05,West,Surat,UPI,11032.1,2025-11,2025
ORD102145,C1054,2025-06-06,Smartphone,Electronics,1.0,28812.2,East,Patna,UPI,28812.2,2025-06,2025
ORD102146,C1127,2025-05-28,Backpack,Fashion,1.0,2296.78,South,Vijayawada,Credit Card,2296.78,2025-05,2025
ORD102147,C1037,2025-06-26,Mixer Grinder,Home Appliances,2.0,5044.86,South,Vijayawada,Debit Card,10089.72,2025-06,2025
ORD102148,C1113,2025-01-16,Keyboard,Accessories,4.0,1900.53,East,Bhubaneswar,UPI,7602.12,2025-01,2025
ORD102149,C1098,2025-03-12,Bookshelf,Furniture,2.0,6840.25,North,Chandigarh,UPI,13680.5,2025-03,2025
ORD102150,C1277,2025-02-21,Headphones,Electronics,1.0,3547.44,West,Ahmedabad,UPI,3547.44,2025-02,2025
ORD102151,C1052,2025-10-14,Laptop,Electronics,3.0,58997.75,West,Mumbai,Net Banking,176993.25,2025-10,2025
ORD102152,C1178,2025-04-24,Keyboard,Accessories,1.0,1662.39,West,Surat,UPI,1662.39,2025-04,2025
ORD102153,C1177,2025-01-01,Bookshelf,Furniture,1.0,6951.6,East,Bhubaneswar,Net Banking,6951.6,2025-01,2025
ORD102154,C1063,2025-07-07,Air Fryer,Home Appliances,2.0,8329.36,West,Pune,UPI,16658.72,2025-07,2025
ORD102155,C1027,2025-12-21,T-Shirt,Fashion,2.0,1115.63,South,Vijayawada,Credit Card,2231.26,2025-12,2025
ORD102156,C1348,2025-02-25,Desk,Furniture,1.0,12465.33,West,Ahmedabad,UPI,12465.33,2025-02,2025
ORD102157,C1237,2025-04-05,Mouse,Accessories,2.0,878.11,South,Chennai,Credit Card,1756.22,2025-04,2025
ORD102158,C1094,2025-06-13,Smartwatch,Electronics,2.0,6972.19,East,Patna,Credit Card,13944.38,2025-06,2025
ORD102159,C1084,2025-07-19,Smartwatch,Electronics,1.0,6584.6,East,Bhubaneswar,Credit Card,6584.6,2025-07,2025
ORD102160,C1339,2025-10-28,Smartwatch,Electronics,1.0,6895.35,South,Vijayawada,Net Banking,6895.35,2025-10,2025
ORD102161,C1172,2025-11-19,Smartphone,Electronics,3.0,29200.69,West,Mumbai,Debit Card,87602.06999999999,2025-11,2025
ORD102162,C1022,2025-09-17,Air Fryer,Home Appliances,1.0,7637.14,South,Hyderabad,Credit Card,7637.14,2025-09,2025
ORD102163,C1235,2025-11-14,Smartphone,Electronics,1.0,26071.52,East,Ranchi,Credit Card,26071.52,2025-11,2025
ORD102164,C1263,2025-04-05,Headphones,Electronics,1.0,3263.76,East,Kolkata,Credit Card,3263.76,2025-04,2025
ORD102165,C1220,2025-03-10,Bookshelf,Furniture,4.0,6015.55,West,Pune,UPI,24062.2,2025-03,2025
ORD102166,C1281,2025-03-03,Coffee Maker,Home Appliances,1.0,6177.97,North,Jaipur,UPI,6177.97,2025-03,2025
ORD102167,C1135,2025-03-27,Mixer Grinder,Home Appliances,3.0,5237.0,North,Chandigarh,Debit Card,15711.0,2025-03,2025
ORD102168,C1205,2025-07-02,Air Fryer,Home Appliances,1.0,7896.62,North,Chandigarh,Credit Card,7896.62,2025-07,2025
ORD102169,C1346,2025-11-20,Keyboard,Accessories,1.0,1830.33,North,Chandigarh,UPI,1830.33,2025-11,2025
ORD102170,C1137,2025-08-21,Mixer Grinder,Home Appliances,2.0,5157.65,South,Bengaluru,UPI,10315.3,2025-08,2025
ORD102171,C1038,2025-07-16,Headphones,Electronics,2.0,3283.02,North,Chandigarh,UPI,6566.04,2025-07,2025
ORD102172,C1003,2025-05-28,Desk,Furniture,1.0,11711.38,North,Jaipur,UPI,11711.38,2025-05,2025
ORD102173,C1326,2025-11-02,T-Shirt,Fashion,1.0,1237.71,South,Bengaluru,Debit Card,1237.71,2025-11,2025
ORD102174,C1038,2025-04-20,Mixer Grinder,Home Appliances,5.0,5173.57,East,Kolkata,Debit Card,25867.85,2025-04,2025
ORD102175,C1343,2025-09-05,Office Chair,Furniture,2.0,8650.73,West,Surat,UPI,17301.46,2025-09,2025
ORD102176,C1099,2025-08-09,Laptop,Electronics,1.0,53973.01,East,Kolkata,UPI,53973.01,2025-08,2025
ORD102177,C1107,2025-04-09,Mixer Grinder,Home Appliances,1.0,5242.92,West,Mumbai,Cash on Delivery,5242.92,2025-04,2025
ORD102178,C1274,2025-01-02,Smartwatch,Electronics,1.0,6442.56,East,Patna,Net Banking,6442.56,2025-01,2025
ORD102179,C1194,2025-09-27,Headphones,Electronics,2.0,3301.61,West,Mumbai,UPI,6603.22,2025-09,2025
ORD102180,C1254,2025-12-06,Smartwatch,Electronics,1.0,7315.5,East,Kolkata,Cash on Delivery,7315.5,2025-12,2025
ORD102181,C1171,2025-01-23,Air Fryer,Home Appliances,1.0,7956.18,North,Jaipur,Debit Card,7956.18,2025-01,2025
ORD102182,C1123,2025-07-21,Office Chair,Furniture,3.0,8946.14,South,Chennai,Debit Card,26838.42,2025-07,2025
ORD102183,C1021,2025-02-21,Air Fryer,Home Appliances,1.0,7844.48,West,Pune,UPI,7844.48,2025-02,2025
ORD102184,C1145,2025-11-27,Desk,Furniture,1.0,11361.86,North,Chandigarh,Debit Card,11361.86,2025-11,2025
ORD102185,C1281,2025-05-04,Headphones,Electronics,3.0,3411.04,West,Pune,UPI,10233.119999999999,2025-05,2025
ORD102186,C1037,2025-07-04,Coffee Maker,Home Appliances,1.0,6047.11,South,Chennai,Net Banking,6047.11,2025-07,2025
ORD102187,C1065,2025-09-26,Backpack,Fashion,2.0,2245.31,East,Patna,Credit Card,4490.62,2025-09,2025
ORD102188,C1218,2025-11-09,Headphones,Electronics,4.0,3331.16,East,Bhubaneswar,Debit Card,13324.64,2025-11,2025
ORD102189,C1121,2025-02-16,Smartphone,Electronics,2.0,29339.9,South,Hyderabad,Credit Card,58679.8,2025-02,2025
ORD102190,C1105,2025-02-14,Headphones,Electronics,1.0,3336.69,East,Kolkata,Net Banking,3336.69,2025-02,2025
ORD102191,C1142,2025-11-05,Keyboard,Accessories,1.0,1872.04,South,Hyderabad,UPI,1872.04,2025-11,2025
ORD102192,C1259,2025-03-04,Office Chair,Furniture,2.0,8157.71,South,Vijayawada,Debit Card,16315.42,2025-03,2025
ORD102193,C1146,2025-06-21,Office Chair,Furniture,3.0,8928.14,West,Pune,Credit Card,26784.42,2025-06,2025
ORD102194,C1290,2025-05-21,Desk,Furniture,1.0,11435.13,South,Vijayawada,UPI,11435.13,2025-05,2025
ORD102195,C1164,2025-01-30,Smartphone,Electronics,1.0,27117.96,West,Pune,UPI,27117.96,2025-01,2025
ORD102196,C1046,2025-07-16,Coffee Maker,Home Appliances,3.0,6468.9,South,Vijayawada,UPI,19406.699999999997,2025-07,2025
ORD102197,C1163,2025-08-25,Laptop,Electronics,1.0,59038.66,North,Lucknow,Cash on Delivery,59038.66,2025-08,2025
ORD102198,C1065,2025-08-23,Laptop,Electronics,2.0,52974.91,South,Bengaluru,UPI,105949.82,2025-08,2025
ORD102199,C1065,2025-09-24,Running Shoes,Fashion,1.0,4844.46,West,Mumbai,UPI,4844.46,2025-09,2025
ORD102200,C1004,2025-06-13,Running Shoes,Fashion,3.0,4741.03,North,Jaipur,Credit Card,14223.09,2025-06,2025
